instance timestamp,query,domain size,run id,itr exponent,itr start,itr end,itr num,tuples added,bag semantics,max bag size,processor,number_of_witnesses,lp_results: witness_computation_time,lp_results: number_of_witnesses,lp_results: number_of_tuples,lp_results: Solve Time,lp_results: Solver Solution Time,lp_results: GDP,lp_results: error,ilp_results: witness_computation_time,ilp_results: number_of_witnesses,ilp_results: number_of_tuples,ilp_results: Solve Time,ilp_results: Solver Solution Time,ilp_results: GDP,ilp_results: error,specialized_swp: SWP,specialized_swp: Solve Time
1730258748.984705,rays-5,1000,1730258725.955037,3.2224448897795592,0.5,6,500,1668,False,0,x86_64,1,0.2768785300431773,3336,1668,0.36356737092137337,0.3633420467376709,-1663.0,,0.29488807602319866,3336,1668,0.18027635593898594,0.18015551567077637,-1663.0,,5,0.01880911795888096
1730258750.508043,rays-5,1000,1730258725.955037,3.2334669338677355,0.5,6,500,1711,False,0,x86_64,1,0.2762373199220747,3422,1711,0.29934665095061064,0.29919981956481934,-1706.0,,0.2826877129264176,3422,1711,0.1897619079099968,0.18963027000427246,-1706.0,,5,0.016905882977880538
1730258751.888376,rays-5,1000,1730258725.955037,3.244488977955912,0.5,6,500,1755,False,0,x86_64,1,0.24956988799385726,3510,1755,0.1828380930237472,0.18269824981689453,-1750.0,,0.253504935069941,3510,1755,0.2011601059930399,0.2010343074798584,-1750.0,,5,0.019962011952884495
1730258753.129475,rays-5,1000,1730258725.955037,3.255511022044088,0.5,6,500,1800,False,0,x86_64,2,0.2541892259614542,3600,1800,0.16617435205262154,0.16603446006774902,-1790.0,,0.25576748605817556,3600,1800,0.1605611190898344,0.16042184829711914,-1790.0,,10,0.029680875944904983
1730258754.289239,rays-5,1000,1730258725.955037,3.2665330661322645,0.5,6,500,1847,False,0,x86_64,3,0.25919862394221127,3694,1847,0.28275009093340486,0.282604455947876,-1832.0,,0.294616986066103,3694,1847,0.17101257503964007,0.1708977222442627,-1832.0,,15,0.04307210608385503
1730258755.661952,rays-5,1000,1730258725.955037,3.277555110220441,0.5,6,500,1894,False,0,x86_64,3,0.262021176982671,3788,1894,0.18704151606652886,0.18689966201782227,-1879.0,,0.27305116003844887,3788,1894,0.1800098120002076,0.17987775802612305,-1879.0,,15,0.04377926094457507
1730258756.916461,rays-5,1000,1730258725.955037,3.2885771543086175,0.5,6,500,1943,False,0,x86_64,5,0.2677315790206194,3886,1943,0.17199843598064035,0.17185354232788086,-1923.0,,0.2666035940637812,3886,1943,0.2924387449165806,0.2923164367675781,-1923.0,,20,0.058960436028428376
1730258758.327056,rays-5,1000,1730258725.955037,3.299599198396794,0.5,6,500,1993,False,0,x86_64,5,0.272542150109075,3986,1993,0.22450176405254751,0.22436165809631348,-1973.0,,0.2767438170267269,3986,1993,0.2815271229483187,0.28138279914855957,-1973.0,,20,0.06680925900582224
1730258759.80336,rays-5,1000,1730258725.955037,3.31062124248497,0.5,6,500,2044,False,0,x86_64,6,0.2771074960473925,4088,2044,0.19831593497656286,0.1981797218322754,-2019.0,,0.3017902889987454,4088,2044,0.17259219894185662,0.17247462272644043,-2019.0,,25,0.07392167195212096
1730258761.138983,rays-5,1000,1730258725.955037,3.3216432865731464,0.5,6,500,2097,False,0,x86_64,8,0.28262276598252356,4194,2097,0.16841556504368782,0.16827702522277832,-2067.0,,0.28650508006103337,4194,2097,0.1626675819279626,0.16252875328063965,-2067.0,,30,0.08959458698518574
1730258762.465162,rays-5,1000,1730258725.955037,3.3326653306613228,0.5,6,500,2151,False,0,x86_64,8,0.2868523219367489,4302,2151,0.1825085689779371,0.18238425254821777,-2121.0,,0.28996754402760416,4302,2151,0.17671554500702769,0.17657828330993652,-2121.0,,30,0.09134879091288894
1730258763.832528,rays-5,1000,1730258725.955037,3.343687374749499,0.5,6,500,2206,False,0,x86_64,8,0.292239596019499,4412,2206,0.180198714020662,0.1800520420074463,-2176.0,,0.29475574498064816,4412,2206,0.17998478608205914,0.17986536026000977,-2176.0,,30,0.092646096018143
1730258765.222096,rays-5,1000,1730258725.955037,3.3547094188376754,0.5,6,500,2263,False,0,x86_64,8,0.29765737301204354,4526,2263,0.1925589720485732,0.19242310523986816,-2233.0,,0.30046355491504073,4526,2263,0.1948011169442907,0.1946547031402588,-2233.0,,30,0.09450897492934018
1730258766.638957,rays-5,1000,1730258725.955037,3.3657314629258517,0.5,6,500,2321,False,0,x86_64,9,0.2998767589451745,4642,2321,0.18806218798272312,0.1879405975341797,-2286.0,,0.3057978419819847,4642,2321,0.18771828396711498,0.18758201599121094,-2286.0,,35,0.1107534549664706
1730258768.098549,rays-5,1000,1730258725.955037,3.3767535070140284,0.5,6,500,2380,False,0,x86_64,19,0.3110700120450929,4760,2380,0.19757047505117953,0.19742631912231445,-2335.0,,0.3118485619779676,4760,2380,0.19395586499013007,0.19383549690246582,-2335.0,,45,0.14359880704432726
1730258769.628152,rays-5,1000,1730258725.955037,3.3877755511022047,0.5,6,500,2442,False,0,x86_64,25,0.3176269830437377,4884,2442,0.2114281189860776,0.21128463745117188,-2382.0,,0.3198994860285893,4884,2442,0.2116849230369553,0.21155047416687012,-2382.0,,60,0.1950676500564441
1730258771.241431,rays-5,1000,1730258725.955037,3.398797595190381,0.5,6,500,2504,False,0,x86_64,28,0.3268292769789696,5008,2504,0.24790167808532715,0.24779605865478516,-2439.0,,0.3291711159981787,5008,2504,0.212157913018018,0.2120349407196045,-2439.0,,65,0.21444435697048903
1730258772.95209,rays-5,1000,1730258725.955037,3.4098196392785574,0.5,6,500,2569,False,0,x86_64,34,0.329371988074854,5138,2569,0.2071727899601683,0.20703387260437012,-2499.0,,0.3309814330423251,5138,2569,0.1996284199412912,0.19951677322387695,-2499.0,,70,0.23439774301368743
1730258774.64077,rays-5,1000,1730258725.955037,3.4208416833667337,0.5,6,500,2635,False,0,x86_64,47,0.33657012903131545,5270,2635,0.20671746006701142,0.20658111572265625,-2560.0,,0.3373244779650122,5270,2635,0.20433368801604956,0.2042219638824463,-2560.0,,75,0.25438875099644065
1730258776.373084,rays-5,1000,1730258725.955037,3.43186372745491,0.5,6,500,2703,False,0,x86_64,56,0.34226031496655196,5406,2703,0.2145323569420725,0.21439862251281738,-2618.0,,0.34480805206112564,5406,2703,0.20887452992610633,0.20874524116516113,-2618.0,,85,0.29383437999058515
1730258778.15892,rays-5,1000,1730258725.955037,3.4428857715430863,0.5,6,500,2772,False,0,x86_64,60,0.3513879419770092,5544,2772,0.21728244004771113,0.21716976165771484,-2687.0,,0.3532225249800831,5544,2772,0.23366709297988564,0.23353242874145508,-2687.0,,85,0.2991923779482022
1730258780.089596,rays-5,1000,1730258725.955037,3.4539078156312626,0.5,6,500,2843,False,0,x86_64,71,0.3630098990397528,5686,2843,0.2406817349838093,0.24056005477905273,-2748.0,,0.35965261701494455,5686,2843,0.2229109730105847,0.22278571128845215,-2748.0,,95,0.33928493002895266
1730258782.082074,rays-5,1000,1730258725.955037,3.464929859719439,0.5,6,500,2916,False,0,x86_64,80,0.365172742982395,5832,2916,0.24115831893868744,0.24103045463562012,-2811.0,,0.38805855193641037,5832,2916,0.2322669019922614,0.23215246200561523,-2811.0,,105,0.38202920102048665
1730258784.095143,rays-5,1000,1730258725.955037,3.475951903807615,0.5,6,500,2991,False,0,x86_64,81,0.37288632907439023,5982,2991,0.2589820269495249,0.2588462829589844,-2881.0,,0.3755092730280012,5982,2991,0.2375361310550943,0.23742103576660156,-2881.0,,110,0.40568551304750144
1730258786.189081,rays-5,1000,1730258725.955037,3.486973947895792,0.5,6,500,3068,False,0,x86_64,99,0.3856178999412805,6136,3068,0.2534579740604386,0.25331735610961914,-2953.0,,0.3929559449898079,6136,3068,0.2504085269756615,0.2503039836883545,-2953.0,,115,0.43763935298193246
1730258788.370207,rays-5,1000,1730258725.955037,3.4979959919839683,0.5,6,500,3147,False,0,x86_64,111,0.3939158651046455,6294,3147,0.26432452304288745,0.2641901969909668,-3032.0,,0.3965076330350712,6294,3147,0.25857373094186187,0.2584495544433594,-3032.0,,115,0.4444791459245607
1730258790.594601,rays-5,1000,1730258725.955037,3.5090180360721446,0.5,6,500,3228,False,0,x86_64,116,0.40211939404252917,6456,3228,0.26443805696908385,0.26430368423461914,-3103.0,,0.40553282597102225,6456,3228,0.29226355999708176,0.292142391204834,-3103.0,,125,0.493347984040156
1730258792.949447,rays-5,1000,1730258725.955037,3.520040080160321,0.5,6,500,3311,False,0,x86_64,125,0.41010768490377814,6622,3311,0.3352238821098581,0.3350799083709717,-3176.0,,0.42651169293094426,6622,3311,0.2747045459691435,0.27458667755126953,-3176.0,,135,0.5433090690057725
1730258795.433625,rays-5,1000,1730258725.955037,3.531062124248497,0.5,6,500,3396,False,0,x86_64,163,0.432319620042108,6792,3396,0.3064196689520031,0.3062870502471924,-3241.0,,0.4294650339288637,6792,3396,0.315377751016058,0.3152468204498291,-3241.0,,155,0.6415809650206938
1730258798.063248,rays-5,1000,1730258725.955037,3.5420841683366735,0.5,6,500,3484,False,0,x86_64,182,0.4376497999764979,6968,3484,0.29921182605903596,0.29906320571899414,-3324.0,,0.4432214479893446,6968,3484,0.7928364831022918,0.7927079200744629,-3324.0,,160,0.7611660989932716
1730258801.443559,rays-5,1000,1730258725.955037,3.55310621242485,0.5,6,500,3573,False,0,x86_64,237,0.5189014190109447,7146,3573,0.37676186801400036,0.3766195774078369,-3383.0,,0.47149069991428405,7146,3573,0.5576852479716763,0.5575687885284424,-3383.0,,190,0.8922515750164166
1730258804.975684,rays-5,1000,1730258725.955037,3.564128256513026,0.5,6,500,3665,False,0,x86_64,270,0.46355459291953593,7330,3665,0.3158487720647827,0.31570935249328613,-3455.0,,0.4585066719446331,7330,3665,0.32366350502707064,0.3235499858856201,-3455.0,,210,0.917038053041324
1730258807.995318,rays-5,1000,1730258725.955037,3.5751503006012024,0.5,6,500,3759,False,0,x86_64,293,0.4759562200633809,7518,3759,0.30246088607236743,0.3023397922515869,-3534.0,,0.48049974895548075,7518,3759,0.43556989601347595,0.43543124198913574,-3534.0,,225,0.995886635966599
1730258811.257579,rays-5,1000,1730258725.955037,3.5861723446893787,0.5,6,500,3856,False,0,x86_64,322,0.4890772979706526,7712,3856,0.3420817879959941,0.3419644832611084,-3596.0,,0.49282156804110855,7712,3856,0.3267547079594806,0.32662081718444824,-3596.0,,260,1.1752363620325923
1730258814.652107,rays-5,1000,1730258725.955037,3.5971943887775555,0.5,6,500,3955,False,0,x86_64,346,0.5258963309461251,7910,3955,0.3888875850243494,0.38876914978027344,-3670.0,,0.5146625400520861,7910,3955,0.3226873939856887,0.3225667476654053,-3670.0,,285,1.324271886027418
1730258818.323561,rays-5,1000,1730258725.955037,3.608216432865732,0.5,6,500,4057,False,0,x86_64,383,0.5150971349794418,8114,4057,0.4325313519220799,0.4323885440826416,-3747.0,,0.5184116449672729,8114,4057,0.3430456690257415,0.3429269790649414,-3747.0,,310,1.4668418280780315
1730258822.184479,rays-5,1000,1730258725.955037,3.619238476953908,0.5,6,500,4161,False,0,x86_64,433,0.5324917370453477,8322,4161,0.35637110099196434,0.356248140335083,-3836.0,,0.5354421900119632,8322,4161,0.4508451269939542,0.45069360733032227,-3836.0,,325,1.5676446050638333
1730258826.317479,rays-5,1000,1730258725.955037,3.6302605210420844,0.5,6,500,4268,False,0,x86_64,563,0.5714428529608995,8536,4268,0.38944556401111186,0.3893270492553711,-3903.0,,0.5639477219665423,8536,4268,0.366786174941808,0.3666684627532959,-3903.0,,365,1.8035622449824587
1730258830.804,rays-5,1000,1730258725.955037,3.6412825651302607,0.5,6,500,4378,False,0,x86_64,602,0.5826216009445488,8756,4378,0.4999238570453599,0.49977898597717285,-4008.0,,0.5862734440015629,8756,4378,0.5111531789880246,0.5110359191894531,-4008.0,,370,1.9018533090129495
1730258835.567269,rays-5,1000,1730258725.955037,3.652304609218437,0.5,6,500,4490,False,0,x86_64,685,0.6017733140615746,8980,4490,0.6382462499896064,0.6381134986877441,-4100.0,,0.618678055005148,8980,4490,0.949920978047885,0.949770450592041,-4100.0,,390,2.147455283906311
1730258841.214166,rays-5,1000,1730258725.955037,3.6633266533066133,0.5,6,500,4606,False,0,x86_64,762,0.6274583110352978,9212,4606,0.6984716809820384,0.6983463764190674,-4191.0,,0.7073770669521764,9212,4606,0.7737335149431601,0.7736051082611084,-4191.0,,415,2.2762763190548867
1730258847.042672,rays-5,1000,1730258725.955037,3.6743486973947896,0.5,6,500,4724,False,0,x86_64,872,0.6515583889558911,9448,4724,0.431913407985121,0.4317948818206787,-4264.0,,0.6625722330063581,9448,4724,0.45471184607595205,0.4545774459838867,-4264.0,,460,2.5170090390602127
1730258852.535559,rays-5,1000,1730258725.955037,3.685370741482966,0.5,6,500,4845,False,0,x86_64,1005,0.6808777441037819,9690,4845,0.5054842830868438,0.5053629875183105,-4365.0,,0.6833893159637228,9690,4845,0.5154726629843935,0.515347957611084,-4365.0,,480,2.678719794959761
1730258858.398672,rays-5,1000,1730258725.955037,3.6963927855711423,0.5,6,500,4970,False,0,x86_64,1102,0.7162270799744874,9940,4970,0.5077159189386293,0.5075955390930176,-4460.0,,0.7158559110248461,9940,4970,0.5275171399116516,0.5273933410644531,-4460.0,,510,2.937505640089512
1730258864.671072,rays-5,1000,1730258725.955037,3.707414829659319,0.5,6,500,5098,False,0,x86_64,1233,0.7464481630595401,10196,5098,0.5395194350276142,0.5393989086151123,-4553.0,,0.7355047059245408,10196,5098,0.5535497859818861,0.5534312725067139,-4553.0,,545,3.148870722972788
1730258871.339942,rays-5,1000,1730258725.955037,3.7184368737474953,0.5,6,500,5229,False,0,x86_64,1364,0.7665603639325127,10458,5229,0.6778360719326884,0.6776957511901855,-4624.0,,0.7671047709882259,10458,5229,0.5893813649890944,0.5892384052276611,-4624.0,,605,3.5727360100718215
1730258878.519393,rays-5,1000,1730258725.955037,3.7294589178356716,0.5,6,500,5363,False,0,x86_64,1486,0.8236593010369688,10726,5363,0.6147946980781853,0.6146750450134277,-4733.0,,0.8231270050164312,10726,5363,0.5965409339405596,0.596419095993042,-4733.0,,630,3.796315884916112
1730258886.015849,rays-5,1000,1730258725.955037,3.740480961923848,0.5,6,500,5501,False,0,x86_64,1634,0.8297162930248305,11002,5501,0.566799727967009,0.566683292388916,-4831.0,,0.8315920250024647,11002,5501,0.6061385630164295,0.6060230731964111,-4831.0,,670,4.163504299009219
1730258893.913632,rays-5,1000,1730258725.955037,3.7515030060120242,0.5,6,500,5642,False,0,x86_64,1915,0.8839829709613696,11284,5642,0.6041037490358576,0.6039838790893555,-4942.0,,0.8855752949602902,11284,5642,0.6433157420251518,0.6431999206542969,-4942.0,,700,4.4056176519952714
1730258902.293927,rays-5,1000,1730258725.955037,3.7625250501002006,0.5,6,500,5787,False,0,x86_64,2105,0.9141725789522752,11574,5787,0.6329088410129771,0.6327922344207764,-5042.0,,0.921581294038333,11574,5787,0.6715188820380718,0.671400785446167,-5042.0,,745,4.796119597973302
1730258911.207418,rays-5,1000,1730258725.955037,3.773547094188377,0.5,6,500,5936,False,0,x86_64,2396,0.9714235590072349,11872,5936,0.6287165971007198,0.6285989284515381,-5126.0,,0.995979796978645,11872,5936,0.6587146939709783,0.6585996150970459,-5126.0,,810,5.267034531920217
1730258920.70457,rays-5,1000,1730258725.955037,3.784569138276553,0.5,6,500,6089,False,0,x86_64,2858,1.0651930270250887,12178,6089,0.7069571969332173,0.7068336009979248,-5219.0,,1.0504238189896569,12178,6089,0.6780599280027673,0.6779403686523438,-5219.0,,870,5.813994977041148
1730258931.040665,rays-5,1000,1730258725.955037,3.7955911823647295,0.5,6,500,6245,False,0,x86_64,3313,1.1328224909957498,12490,6245,0.8399993219645694,0.8398845195770264,-5325.0,,1.1305412269430235,12490,6245,0.8389988800045103,0.838886022567749,-5325.0,,920,6.350660651922226
1730258942.445003,rays-5,1000,1730258725.955037,3.806613226452906,0.5,6,500,6406,False,0,x86_64,3633,1.1872638129862025,12810,6405,0.7799972649663687,0.7798862457275391,-5435.0,,1.1905787349678576,12810,6405,0.8044131819624454,0.8042943477630615,-5435.0,,970,6.844558865996078
1730258954.397423,rays-5,1000,1730258725.955037,3.8176352705410825,0.5,6,500,6571,False,0,x86_64,4146,1.271244780975394,13140,6570,0.8207631540717557,0.8206503391265869,-5550.0,,1.2824912219075486,13140,6570,0.8769750269129872,0.8768494129180908,-5550.0,,1020,7.452550683985464
1730258967.377976,rays-5,1000,1730258725.955037,3.828657314629259,0.5,6,500,6739,False,0,x86_64,4612,1.3552149659954011,13474,6737,0.8838953210506588,0.8837826251983643,-5667.0,,1.3933408460579813,13474,6737,0.8660112939542159,0.8658959865570068,-5667.0,,1070,7.880424308939837
1730258981.049201,rays-5,1000,1730258725.955037,3.839679358717435,0.5,6,500,6913,False,0,x86_64,5266,1.4632161089684814,13822,6911,0.9023939549224451,0.9022693634033203,-5766.0,,1.4825778970262036,13822,6911,1.170138238929212,1.1700167655944824,-5766.0,,1145,8.698943998082541
1730258996.156968,rays-5,1000,1730258725.955037,3.8507014028056115,0.5,6,500,7090,False,0,x86_64,5889,1.5890510919271037,14174,7087,1.0855978509644046,1.0854833126068115,-5852.0,,1.5767147269798443,14174,7087,1.0115179059794173,1.0114147663116455,-5852.0,,1235,9.585887219989672
1730259012.439496,rays-5,1000,1730258725.955037,3.8617234468937878,0.5,6,500,7273,False,0,x86_64,6726,1.7238883289974183,14538,7269,1.154513629968278,1.1543927192687988,-5964.0,,1.793024098034948,14538,7269,1.0770998540101573,1.0769877433776855,-5964.0,,1305,10.370748303015716
1730259030.133614,rays-5,1000,1730258725.955037,3.872745490981964,0.5,6,500,7460,False,0,x86_64,7477,1.8734437810489908,14912,7456,1.034514146973379,1.0343964099884033,-6051.0,,1.8432831920217723,14912,7456,1.1871632169932127,1.187049388885498,-6051.0,,1405,11.617643231060356
1730259049.250818,rays-5,1000,1730258725.955037,3.8837675350701404,0.5,6,500,7651,False,0,x86_64,8738,2.0241806970443577,15292,7646,1.1262756509240717,1.126159906387329,-6146.0,,2.0597833489300683,15292,7646,1.2435146159259602,1.2433936595916748,-6146.0,,1500,12.598631594912149
1730259070.047565,rays-5,1000,1730258725.955037,3.8947895791583167,0.5,6,500,7848,False,0,x86_64,9840,2.1921178540214896,15686,7843,1.3527715349337086,1.3526499271392822,-6258.0,,2.2027150279609486,15686,7843,1.4650838969973847,1.4649722576141357,-6258.0,,1585,13.665037625003606
1730259092.762784,rays-5,1000,1730258725.955037,3.905811623246493,0.5,6,500,8050,False,0,x86_64,11370,2.4263278789585456,16090,8045,1.2891182228922844,1.2889900207519531,-6375.0,,2.459996658959426,16090,8045,1.4801849810173735,1.4800667762756348,-6375.0,,1670,14.648538126959465
1730259117.043367,rays-5,1000,1730258725.955037,3.9168336673346693,0.5,6,500,8257,False,0,x86_64,12772,2.6868298350600526,16504,8252,1.3550862660631537,1.3549704551696777,-6527.0,,2.6824812160339206,16504,8252,1.5789654180407524,1.5788493156433105,-6527.0,,1725,15.162661234964617
1730259142.581134,rays-5,1000,1730258725.955037,3.927855711422846,0.5,6,500,8469,False,0,x86_64,14227,2.887003871030174,16926,8463,1.612619801890105,1.6125054359436035,-6663.0,,2.8987614460056648,16926,8463,1.701870611985214,1.701756477355957,-6663.0,,1800,16.426834320067428
1730259170.262101,rays-5,1000,1730258725.955037,3.9388777555110224,0.5,6,500,8687,False,0,x86_64,16140,3.167054979945533,17362,8681,1.5300823920406401,1.5299561023712158,-6806.0,,3.1799590529408306,17362,8681,1.8069948520278558,1.8068797588348389,-6806.0,,1875,17.49586255894974
1730259199.931988,rays-5,1000,1730258725.955037,3.9498997995991987,0.5,6,500,8910,False,0,x86_64,18357,3.5295542830135673,17808,8904,1.6809290829114616,1.6808137893676758,-6934.0,,3.4916755789890885,17808,8904,2.232955815969035,2.2328357696533203,-6934.0,,1970,18.84490275196731
1730259232.236485,rays-5,1000,1730258725.955037,3.960921843687375,0.5,6,500,9139,False,0,x86_64,20658,3.8215130689786747,18262,9131,1.8131723769474775,1.8130512237548828,-7056.0,,3.8558718950953335,18262,9131,2.156377740902826,2.1562607288360596,-7056.0,,2075,20.37654236506205
1730259267.076163,rays-5,1000,1730258725.955037,3.9719438877755513,0.5,6,500,9374,False,0,x86_64,23481,4.250946194981225,18732,9366,2.164155700011179,2.1640334129333496,-7191.0,,4.289410587982275,18732,9366,2.4231446660123765,2.423030138015747,-7191.0,,2175,22.085692218970507
1730259305.369454,rays-5,1000,1730258725.955037,3.9829659318637276,0.5,6,500,9615,False,0,x86_64,26843,4.810075183981098,19212,9606,2.160363906994462,2.160242795944214,-7326.0,,4.771857424988411,19212,9606,2.677599693997763,2.677483081817627,-7326.0,,2280,23.649552803020924
1730259346.758553,rays-5,1000,1730258725.955037,3.993987975951904,0.5,6,500,9862,False,0,x86_64,29746,5.232117241015658,19704,9852,2.542263910989277,2.5421433448791504,-7462.0,,5.2260472769849,19704,9852,2.97826686501503,2.9781439304351807,-7462.0,,2390,25.296469855005853
1730259391.657892,rays-5,1000,1730258725.955037,4.00501002004008,0.5,6,500,10116,False,0,x86_64,34360,5.88850956002716,20210,10105,2.4724454859970137,2.472336530685425,-7590.0,,5.856237026979215,20210,10105,3.2222871779231355,3.2221693992614746,-7590.0,,2515,27.023799841990694
1730259440.063127,rays-5,1000,1730258725.955037,4.0160320641282565,0.5,6,500,10376,False,0,x86_64,37824,6.409079274977557,20730,10365,2.976381673011929,2.9762730598449707,-7745.0,,6.4248943369602785,20730,10365,3.5949600499588996,3.594846487045288,-7745.0,,2620,28.716315465979278
1730259492.437283,rays-5,1000,1730258725.955037,4.027054108216433,0.5,6,500,10642,False,0,x86_64,43123,7.231546134920791,21262,10631,3.152958018006757,3.1528406143188477,-7926.0,,7.142011750023812,21262,10631,4.3697332699084654,4.369621753692627,-7926.0,,2705,31.207540744100697
1730259550.283314,rays-5,1000,1730258725.955037,4.03807615230461,0.5,6,500,10916,False,0,x86_64,48109,7.974098870996386,21806,10903,3.3642295979661867,3.3641133308410645,-8138.0,,7.868798456038348,21806,10903,4.688024622970261,4.687910556793213,-8138.0,,2765,32.464399607037194
1730259611.867028,rays-5,1000,1730258725.955037,4.0490981963927855,0.5,6,500,11196,False,0,x86_64,53661,8.716214534942992,22366,11183,3.6969389769947156,3.6968140602111816,-8328.0,,8.727242975961417,22366,11183,5.2170851699775085,5.216967582702637,-8328.0,,2855,33.773026349022985
1730259677.561865,rays-5,1000,1730258725.955037,4.060120240480963,0.5,6,500,11484,False,0,x86_64,60710,9.794703155988827,22942,11471,4.178594283061102,4.178475856781006,-8541.0,,9.643719249987043,22942,11471,5.893951156060211,5.893831491470337,-8541.0,,2930,35.91195073991548
1730259749.198753,rays-5,1000,1730258725.955037,4.071142284569138,0.5,6,500,11779,False,0,x86_64,69864,11.060335117042996,23532,11766,4.418489592033438,4.4183642864227295,-8736.0,,11.080530540086329,23532,11766,6.140089167980477,6.139955520629883,-8736.0,,3030,38.33419133699499
1730259827.213564,rays-5,1000,1730258725.955037,4.082164328657315,0.5,6,500,12082,False,0,x86_64,79593,12.542624998954125,24136,12068,5.050188980996609,5.050076961517334,-8923.0,,12.701823420939036,24136,12068,6.454662227071822,6.454547166824341,-8923.0,,3145,40.42754014604725
1730259912.08053,rays-5,1000,1730258725.955037,4.093186372745491,0.5,6,500,12393,False,0,x86_64,90783,14.392313465010375,24756,12378,5.7981999749317765,5.797986745834351,-9148.0,,14.351964225061238,24756,12378,7.875876083038747,7.875766038894653,-9148.0,,3230,43.01100741501432
1730260005.945445,rays-5,1000,1730258725.955037,4.104208416833668,0.5,6,500,12711,False,0,x86_64,105118,16.572159224073403,25390,12695,6.507848383975215,6.507734298706055,-9395.0,,16.5616789549822,25390,12695,8.256236103945412,8.256130933761597,-9395.0,,3300,44.02931411797181
1730260107.555441,rays-5,1000,1730258725.955037,4.115230460921843,0.5,6,500,13038,False,0,x86_64,117894,18.124771373928525,26044,13022,7.015851053991355,7.015730142593384,-9642.0,,17.97505700599868,26044,13022,9.613077705027536,9.612955093383789,-9642.0,,3380,46.158758230973035
1730260216.976231,rays-5,1000,1730258725.955037,4.1262525050100205,0.5,6,500,13373,False,0,x86_64,134458,20.522868747939356,26714,13357,7.789068343001418,7.788947105407715,-9917.0,,20.591279951040633,26714,13357,10.69681497104466,10.69669485092163,-9917.0,,3440,49.63042313104961
1730260338.434208,rays-5,1000,1730258725.955037,4.137274549098197,0.5,6,500,13717,False,0,x86_64,153495,23.728180677979253,27402,13701,9.95500615099445,9.954855918884277,-10156.0,,23.522402720991522,27402,13701,14.436241174000315,14.436084270477295,-10156.0,,3545,54.51580060005654
1730260479.077558,rays-5,1000,1730258725.955037,4.148296593186373,0.5,6,500,14070,False,0,x86_64,172180,26.435766822076403,28108,14054,10.739652900025249,10.739507675170898,-10419.0,,26.5707034439547,28108,14054,15.006455459981225,15.006304502487183,-10419.0,,3635,57.21053709893022
1730260630.487623,rays-5,1000,1730258725.955037,4.159318637274549,0.5,6,500,14431,False,0,x86_64,197198,30.35913676698692,28826,14413,11.676559234969318,11.676412105560303,-10703.0,,30.029041938949376,28826,14413,17.555495876003988,17.555347681045532,-10703.0,,3710,61.20300500607118
1730260799.088002,rays-5,1000,1730258725.955037,4.170340681362726,0.5,6,500,14802,False,0,x86_64,227261,34.42686643602792,29566,14783,13.978348209057003,13.978183269500732,-10998.0,,34.9183217890095,29566,14783,19.72722723404877,19.727071523666382,-10998.0,,3785,64.3744597058976
1730260986.110996,rays-5,1000,1730258725.955037,4.181362725450902,0.5,6,500,15183,False,0,x86_64,260214,39.40495270502288,30326,15163,15.669935088022612,15.669794082641602,-11303.0,,39.3338681460591,30326,15163,22.813889982062392,22.813745737075806,-11303.0,,3860,65.94674339902122
1730261191.974135,rays-5,1000,1730258725.955037,4.192384769539078,0.5,6,500,15573,False,0,x86_64,292125,44.22770816402044,31102,15551,16.787670711055398,16.787527322769165,-11626.0,,44.02498359803576,31102,15551,26.582682342035696,26.582416772842407,-11626.0,,3925,68.06662510801107
1730261416.172992,rays-5,1000,1730258725.955037,4.203406813627255,0.5,6,500,15973,False,0,x86_64,327780,49.52298878703732,31898,15949,19.113172154990025,19.11302399635315,-11944.0,,49.508673493983224,31898,15949,27.78574542806018,27.785595893859863,-11944.0,,4005,72.13060537795536
1730261661.884734,rays-5,1000,1730258725.955037,4.214428857715431,0.5,6,500,16384,False,0,x86_64,369824,55.70428271102719,32718,16359,22.69666950998362,22.696528911590576,-12299.0,,55.39668179303408,32718,16359,32.15711748006288,32.15697240829468,-12299.0,,4060,73.02203293307684
1730261932.197477,rays-5,1000,1730258725.955037,4.225450901803607,0.5,6,500,16805,False,0,x86_64,415772,62.34073666797485,33560,16780,22.76489237404894,22.764757871627808,-12655.0,,62.20348474406637,33560,16780,36.06760122405831,36.06744909286499,-12655.0,,4125,77.50188021897338
1730262227.691233,rays-5,1000,1730258725.955037,4.236472945891784,0.5,6,500,17237,False,0,x86_64,469822,70.12680298602208,34420,17210,26.223603128106333,26.22346830368042,-13025.0,,70.34815587394405,34420,17210,41.559831440099515,41.559672832489014,-13025.0,,4185,80.07126225996763
1730262554.873171,rays-5,1000,1730258725.955037,4.247494989979961,0.5,6,500,17680,False,0,x86_64,531285,79.3825959940441,35304,17652,29.807453231071122,29.807326793670654,-13387.0,,79.17071971599944,35304,17652,46.444286833982915,46.44402837753296,-13387.0,,4265,83.19270525395405
1730262916.742798,rays-5,1000,1730258725.955037,4.258517034068136,0.5,6,500,18134,False,0,x86_64,604875,89.69470722798724,36212,18106,32.57044160098303,32.570305585861206,-13791.0,,89.72506999399047,36212,18106,52.25554129201919,52.25539803504944,-13791.0,,4315,86.3265577389393
1730263317.519424,rays-5,1000,1730258725.955037,4.269539078156313,0.5,6,500,18601,False,0,x86_64,683130,101.80111401097383,37138,18569,39.11848056106828,39.11820578575134,-14219.0,,101.6078621239867,37138,18569,59.68676249694545,59.686607360839844,-14219.0,,4350,93.80316837190185
1730263771.301463,rays-5,1000,1730258725.955037,4.280561122244489,0.5,6,500,19079,False,0,x86_64,771652,117.23454183805734,38092,19046,44.50291314604692,44.50264644622803,-14616.0,,111.37204243894666,38092,19046,68.8800209799083,68.87987494468689,-14616.0,,4430,90.40156154800206
1730264266.925666,rays-5,1000,1730258725.955037,4.291583166332666,0.5,6,500,19569,False,0,x86_64,880618,127.4357039219467,39070,19535,56.04561104194727,56.04543995857239,-15075.0,,126.3567817179719,39070,19535,71.15286439005286,71.15270757675171,-15075.0,,4460,78.88162501796614
1730264809.091944,rays-5,1000,1730258725.955037,4.302605210420841,0.5,6,500,20072,False,0,x86_64,1001520,134.55718888400588,40076,20038,48.249795592040755,48.249645471572876,-15518.0,,135.36804018600378,40076,20038,73.70754248695448,73.70741558074951,-15518.0,,4520,82.9830171460053
1730265354.675294,rays-5,1000,1730258725.955037,4.313627254509019,0.5,6,500,20588,False,0,x86_64,1141280,152.59344169299584,41108,20554,54.942617859109305,54.942474365234375,-15994.0,,152.67032329994254,41108,20554,84.57204249699134,84.57190036773682,-15994.0,,4560,85.97181317396462
1730265968.581276,rays-5,1000,1730258725.955037,4.324649298597194,0.5,6,500,21117,False,0,x86_64,1311048,175.4382567559369,42160,21080,64.37431262398604,64.3740725517273,-16460.0,,176.1848222479457,42160,21080,97.2838869150728,97.28375196456909,-16460.0,,4620,88.39579824800603
1730266666.813542,rays-5,1000,1730258725.955037,4.335671342685371,0.5,6,500,21660,False,0,x86_64,1488621,200.7261022250168,43244,21622,71.54931501601823,71.54917526245117,-16957.0,,197.7035653409548,43244,21622,109.08450311899651,109.08437657356262,-16957.0,,4665,91.80417037603911
1730267445.66551,rays-5,1000,1730258725.955037,4.346693386773547,0.5,6,500,22217,False,0,x86_64,1699748,227.3505841300357,44356,22178,81.23629971104674,81.2361650466919,-17483.0,,228.45923581102397,44356,22178,127.55584806506522,127.5555853843689,-17483.0,,4695,94.44363105902448
1730268327.762005,rays-5,1000,1730258725.955037,4.357715430861724,0.5,6,500,22788,False,0,x86_64,1922256,256.8045510399388,45494,22747,95.75242129107937,95.75216960906982,-17992.0,,256.0888160970062,45494,22747,157.8059696389828,157.80583667755127,-17992.0,,4755,98.02192010800354
1730269331.516889,rays-5,1000,1730258725.955037,4.3687374749499,0.5,6,500,23374,False,0,x86_64,2184352,288.6163615520345,46660,23330,105.41352926695254,105.41328144073486,-18545.0,,289.86782036395743,46660,23330,174.38987036701292,174.38972544670105,-18545.0,,4785,99.56520538404584
1730270448.290606,rays-5,1000,1730258725.955037,4.3797595190380765,0.5,6,500,23975,False,0,x86_64,2500808,334.95452170597855,47854,23927,122.32044465793297,122.32030010223389,-19127.0,,345.2420274299802,47854,23927,234.85731177101843,234.85712027549744,-19127.0,,4800,119.57525700202677
1730271802.858087,rays-5,1000,1730258725.955037,4.390781563126253,0.5,6,500,24591,False,0,x86_64,2842455,404.5484730770113,49084,24542,158.47508028207812,158.47489881515503,-19717.0,,407.807362825959,49084,24542,265.6417664930923,265.64147877693176,-19717.0,,4825,127.4026539210463
1730273406.70626,rays-5,1000,1730258725.955037,4.401803607214429,0.5,6,500,25223,False,0,x86_64,3239755,459.40939456189517,50340,25170,161.76004558301065,161.7598750591278,-20330.0,,428.1719622890232,50340,25170,269.0645385939861,269.0643651485443,-20330.0,,4840,109.53700851509348
1730275083.722596,rays-5,1000,1730258725.955037,4.412825651302605,0.5,6,500,25871,False,0,x86_64,3669549,488.3942848939914,51632,25816,186.1594825220527,186.15921235084534,-20966.0,,488.2391746820649,51632,25816,336.29529024404474,336.2950191497803,-20966.0,,4850,131.42940270295367
1730276997.593121,rays-5,1000,1730258725.955037,4.423847695390782,0.5,6,500,26536,False,0,x86_64,4172619,594.8294501040364,52960,26480,249.54856658400968,249.54825711250305,-21610.0,,591.3606574890437,52960,26480,400.8179054040229,400.8176031112671,-21610.0,,4870,136.94030364509672
1730279347.254702,rays-5,1000,1730258725.955037,4.434869739478958,0.5,6,500,27218,False,0,x86_64,4732471,682.9956692609703,54314,27157,282.0155488230521,282.0152509212494,-22262.0,,629.0192625140771,54314,27157,391.18222099600825,391.1820774078369,-22262.0,,4895,120.38439733698033
1730281911.427248,rays-5,1000,1730258725.955037,4.445891783567134,0.5,6,500,27918,False,0,x86_64,5387792,759.7199011899065,55706,27853,336.85333686100785,336.85304045677185,-22948.0,,768.1098405770026,55706,27853,493.4071278310148,493.4068100452423,-22948.0,,4905,143.13827698200475
1730284912.535031,rays-5,1000,1730258725.955037,4.456913827655311,0.5,6,500,28636,False,0,x86_64,6135796,885.324060391984,57138,28569,420.06858899304643,420.0682888031006,-23649.0,,892.3546524100238,57138,28569,475.48459505301435,475.48430490493774,-23649.0,,4920,123.83878444100264
1730288283.232369,rays-5,1000,1730258725.955037,4.467935871743487,0.5,6,500,29372,False,0,x86_64,6974679,919.1250519489404,58606,29303,366.1272330658976,366.12692856788635,-24378.0,,924.3360342610395,58606,29303,507.2142760340357,507.21401381492615,-24378.0,,4925,128.05077237298246
1730291688.09209,rays-5,1000,1730258725.955037,4.478957915831664,0.5,6,500,30127,False,0,x86_64,7893502,1048.131826614961,60104,30052,502.8150738499826,502.814795255661,-25122.0,,1130.4795471969992,60104,30052,699.0081551560434,699.0078814029694,-25122.0,,4930,155.11020846292377
1730295983.089386,rays-5,1000,1730258725.955037,4.48997995991984,0.5,6,500,30901,False,0,x86_64,8908778,1275.3036001350265,61646,30823,614.4077941050055,614.4074790477753,-25888.0,,1277.5020665989723,61646,30823,696.7853636419168,696.7850749492645,-25888.0,,4935,138.28811013908125
1730300826.078212,rays-5,1000,1730258725.955037,4.501002004008016,0.5,6,500,31695,False,0,x86_64,10121870,1350.4166696290486,63226,31613,571.4576249649981,571.4574773311615,-26678.0,,1351.6689607340377,63226,31613,792.6218432160094,792.6215677261353,-26678.0,,4935,143.2737560069654
1730307687.640067,rays-5,1000,1730307653.537404,3.1673346693386777,0.5,6,500,1470,False,0,x86_64,1,0.25205017626285553,2940,1470,0.3919287882745266,0.3916311264038086,-1465.0,,0.2759470921009779,2940,1470,0.1948090884834528,0.1946582794189453,-1465.0,,5,0.018072953447699547
1730307689.089497,rays-5,1000,1730307653.537404,3.178356713426854,0.5,6,500,1507,False,0,x86_64,1,0.29958590120077133,3014,1507,0.4645390771329403,0.46442341804504395,-1502.0,,0.27120567858219147,3014,1507,0.33395082131028175,0.33381199836730957,-1502.0,,5,0.018636826425790787
1730307690.787732,rays-5,1000,1730307653.537404,3.1893787575150303,0.5,6,500,1546,False,0,x86_64,1,0.2582951169461012,3092,1546,0.3068676795810461,0.3067340850830078,-1541.0,,0.26129924319684505,3092,1546,0.21976033598184586,0.21961688995361328,-1541.0,,5,0.018573150038719177
1730307692.190314,rays-5,1000,1730307653.537404,3.2004008016032066,0.5,6,500,1586,False,0,x86_64,1,0.26499596796929836,3172,1586,0.6332646459341049,0.6331343650817871,-1581.0,,0.2891983278095722,3172,1586,0.26220150105655193,0.2620396614074707,-1581.0,,5,0.018496764823794365
1730307694.023405,rays-5,1000,1730307653.537404,3.211422845691383,0.5,6,500,1627,False,0,x86_64,1,0.2681539934128523,3254,1627,0.1971596423536539,0.1969618797302246,-1622.0,,0.2542528361082077,3254,1627,0.24032480269670486,0.24019908905029297,-1622.0,,5,0.01671816222369671
1730307695.310922,rays-5,1000,1730307653.537404,3.2224448897795592,0.5,6,500,1668,False,0,x86_64,1,0.2417572271078825,3336,1668,0.18467484600842,0.1845409870147705,-1663.0,,0.24177180603146553,3336,1668,0.2072369121015072,0.2071216106414795,-1663.0,,5,0.01821303367614746
1730307696.562292,rays-5,1000,1730307653.537404,3.2334669338677355,0.5,6,500,1711,False,0,x86_64,1,0.24424627795815468,3422,1711,0.22974302247166634,0.22960305213928223,-1706.0,,0.2613615710288286,3422,1711,0.3198542073369026,0.3197157382965088,-1706.0,,5,0.019736450165510178
1730307697.998881,rays-5,1000,1730307653.537404,3.244488977955912,0.5,6,500,1755,False,0,x86_64,8,0.2831020187586546,3510,1755,0.7549817282706499,0.7548367977142334,-1735.0,,0.3108634613454342,3510,1755,0.6546555534005165,0.6545243263244629,-1735.0,,20,0.06495762057602406
1730307700.50184,rays-5,1000,1730307653.537404,3.255511022044088,0.5,6,500,1800,False,0,x86_64,8,0.2862004302442074,3600,1800,0.7975287493318319,0.7973778247833252,-1780.0,,0.3018374089151621,3600,1800,0.4546019360423088,0.4544529914855957,-1780.0,,20,0.06578351184725761
1730307702.781902,rays-5,1000,1730307653.537404,3.2665330661322645,0.5,6,500,1847,False,0,x86_64,8,0.2900800555944443,3694,1847,0.7581609152257442,0.7580046653747559,-1827.0,,0.3053071014583111,3694,1847,0.49489655904471874,0.4947695732116699,-1827.0,,20,0.06942622177302837
1730307705.132913,rays-5,1000,1730307653.537404,3.277555110220441,0.5,6,500,1894,False,0,x86_64,8,0.29560557194054127,3788,1894,0.35277609154582024,0.3526275157928467,-1874.0,,0.32470405474305153,3788,1894,0.44997435435652733,0.44982075691223145,-1874.0,,20,0.06802884675562382
1730307707.01182,rays-5,1000,1730307653.537404,3.2885771543086175,0.5,6,500,1943,False,0,x86_64,8,0.301201481372118,3886,1943,0.936707079410553,0.936556339263916,-1923.0,,0.3214507680386305,3886,1943,0.40892420895397663,0.4087870121002197,-1923.0,,20,0.06824660860002041
1730307709.48639,rays-5,1000,1730307653.537404,3.299599198396794,0.5,6,500,1993,False,0,x86_64,8,0.30529734306037426,3986,1993,0.5085140690207481,0.5083496570587158,-1973.0,,0.3204945847392082,3986,1993,0.533923801034689,0.5337674617767334,-1973.0,,20,0.06727365218102932
1730307711.583082,rays-5,1000,1730307653.537404,3.31062124248497,0.5,6,500,2044,False,0,x86_64,9,0.3113165404647589,4088,2044,0.4795734640210867,0.4794461727142334,-2019.0,,0.3341183364391327,4088,2044,0.6075667925179005,0.6074211597442627,-2019.0,,25,0.0880547147244215
1730307713.850055,rays-5,1000,1730307653.537404,3.3216432865731464,0.5,6,500,2097,False,0,x86_64,20,0.31689629703760147,4194,2097,0.3237764220684767,0.32361936569213867,-2062.0,,0.3260533735156059,4194,2097,0.37879703752696514,0.37865185737609863,-2062.0,,35,0.11933751404285431
1730307715.702103,rays-5,1000,1730307653.537404,3.3326653306613228,0.5,6,500,2151,False,0,x86_64,20,0.35762200877070427,4302,2151,0.6455113068223,0.6453893184661865,-2116.0,,0.35231370106339455,4302,2151,0.33855707570910454,0.3384075164794922,-2116.0,,35,0.12304923497140408
1730307717.913091,rays-5,1000,1730307653.537404,3.343687374749499,0.5,6,500,2206,False,0,x86_64,23,0.3306625969707966,4412,2206,0.7012094222009182,0.701056718826294,-2166.0,,0.3553105890750885,4412,2206,0.6887516640126705,0.6886224746704102,-2166.0,,40,0.14390986785292625
1730307720.588131,rays-5,1000,1730307653.537404,3.3547094188376754,0.5,6,500,2263,False,0,x86_64,31,0.3370608016848564,4526,2263,0.4060709048062563,0.4058997631072998,-2218.0,,0.36132809333503246,4526,2263,0.5145690310746431,0.514409065246582,-2218.0,,45,0.16159790195524693
1730307722.820991,rays-5,1000,1730307653.537404,3.3657314629258517,0.5,6,500,2321,False,0,x86_64,33,0.34504773654043674,4642,2321,0.6029908806085587,0.6028623580932617,-2271.0,,0.3632119409739971,4642,2321,0.7421100381761789,0.7419426441192627,-2271.0,,50,0.1843851152807474
1730307725.588224,rays-5,1000,1730307653.537404,3.3767535070140284,0.5,6,500,2380,False,0,x86_64,39,0.36043065413832664,4760,2380,1.4525517597794533,1.4522113800048828,-2330.0,,0.3757125921547413,4760,2380,1.0544062871485949,1.0542793273925781,-2330.0,,50,0.18066876009106636
1730307729.656705,rays-5,1000,1730307653.537404,3.3877755511022047,0.5,6,500,2442,False,0,x86_64,47,0.35719856061041355,4884,2442,0.643306789919734,0.643153190612793,-2377.0,,0.3762573841959238,4884,2442,0.6171296238899231,0.6169729232788086,-2377.0,,65,0.24189021438360214
1730307732.34498,rays-5,1000,1730307653.537404,3.398797595190381,0.5,6,500,2504,False,0,x86_64,64,0.3680480793118477,5008,2504,0.2815503478050232,0.2814340591430664,-2429.0,,0.33357214368879795,5008,2504,0.4256517291069031,0.4255092144012451,-2429.0,,75,0.2820131443440914
1730307734.513874,rays-5,1000,1730307653.537404,3.4098196392785574,0.5,6,500,2569,False,0,x86_64,76,0.3716682940721512,5138,2569,0.6741981897503138,0.674077033996582,-2484.0,,0.39161351323127747,5138,2569,0.3326566871255636,0.3325057029724121,-2484.0,,85,0.28671940974891186
1730307737.051793,rays-5,1000,1730307653.537404,3.4208416833667337,0.5,6,500,2635,False,0,x86_64,76,0.3407524675130844,5270,2635,0.3877009488642216,0.3875443935394287,-2550.0,,0.355170089751482,5270,2635,0.4518340416252613,0.45171284675598145,-2550.0,,85,0.33981629833579063
1730307739.373328,rays-5,1000,1730307653.537404,3.43186372745491,0.5,6,500,2703,False,0,x86_64,82,0.3803939651697874,5406,2703,0.5068217758089304,0.5066759586334229,-2608.0,,0.4138176590204239,5406,2703,0.6700443457812071,0.669896125793457,-2608.0,,95,0.37919342517852783
1730307742.205294,rays-5,1000,1730307653.537404,3.4428857715430863,0.5,6,500,2772,False,0,x86_64,89,0.3731922786682844,5544,2772,0.44945417530834675,0.44933390617370605,-2667.0,,0.41177879460155964,5544,2772,0.7821339275687933,0.7819859981536865,-2667.0,,105,0.42725727148354053
1730307745.170138,rays-5,1000,1730307653.537404,3.4539078156312626,0.5,6,500,2843,False,0,x86_64,89,0.39545279555022717,5686,2843,0.31069414876401424,0.3105747699737549,-2738.0,,0.3633531332015991,5686,2843,0.45423006266355515,0.4540894031524658,-2738.0,,105,0.3921503983438015
1730307747.60766,rays-5,1000,1730307653.537404,3.464929859719439,0.5,6,500,2916,False,0,x86_64,95,0.36776588670909405,5832,2916,0.8201511986553669,0.8200244903564453,-2806.0,,0.4329326953738928,5832,2916,0.5249631721526384,0.5248208045959473,-2806.0,,110,0.47185556776821613
1730307750.742617,rays-5,1000,1730307653.537404,3.475951903807615,0.5,6,500,2991,False,0,x86_64,128,0.41654899530112743,5982,2991,0.47334208711981773,0.4731917381286621,-2866.0,,0.48812295123934746,5982,2991,0.5438181273639202,0.543698787689209,-2866.0,,125,0.53737404756248
1730307753.691559,rays-5,1000,1730307653.537404,3.486973947895792,0.5,6,500,3068,False,0,x86_64,132,0.39790114760398865,6136,3068,0.5107310730963945,0.5105915069580078,-2943.0,,0.39940275251865387,6136,3068,0.8686572834849358,0.8685417175292969,-2943.0,,125,0.5502800364047289
1730307756.977048,rays-5,1000,1730307653.537404,3.4979959919839683,0.5,6,500,3147,False,0,x86_64,139,0.4490271955728531,6294,3147,0.5799015667289495,0.5797445774078369,-3022.0,,0.4636131189763546,6294,3147,0.5112366005778313,0.5111150741577148,-3022.0,,125,0.555578775703907
1730307760.147872,rays-5,1000,1730307653.537404,3.5090180360721446,0.5,6,500,3228,False,0,x86_64,156,0.4301702603697777,6456,3228,1.0592956971377134,1.0591535568237305,-3083.0,,0.4726996626704931,6456,3228,0.7791296262294054,0.7790014743804932,-3083.0,,145,0.6602426990866661
1730307764.124371,rays-5,1000,1730307653.537404,3.520040080160321,0.5,6,500,3311,False,0,x86_64,175,0.4290689695626497,6622,3311,1.288109140470624,1.2879562377929688,-3141.0,,0.4837487358599901,6622,3311,0.664293123409152,0.664161205291748,-3141.0,,170,0.7904128953814507
1730307768.368999,rays-5,1000,1730307653.537404,3.531062124248497,0.5,6,500,3396,False,0,x86_64,193,0.4263623673468828,6792,3396,0.46370033733546734,0.4635608196258545,-3216.0,,0.4350307993590832,6792,3396,0.43804305978119373,0.4379117488861084,-3216.0,,180,0.749767616391182
1730307771.425756,rays-5,1000,1730307653.537404,3.5420841683366735,0.5,6,500,3484,False,0,x86_64,215,0.4364801049232483,6968,3484,0.8976669106632471,0.8975105285644531,-3289.0,,0.51136439666152,6968,3484,0.8928803186863661,0.8927550315856934,-3289.0,,195,0.9210912212729454
1730307775.715951,rays-5,1000,1730307653.537404,3.55310621242485,0.5,6,500,3573,False,0,x86_64,234,0.44938557781279087,7144,3572,0.7017594967037439,0.7016110420227051,-3357.0,,0.5258768163621426,7144,3572,1.0638537667691708,1.0636990070343018,-3357.0,,215,1.0316584669053555
1730307780.148335,rays-5,1000,1730307653.537404,3.564128256513026,0.5,6,500,3665,False,0,x86_64,257,0.4620220009237528,7328,3664,1.0089401993900537,1.0088236331939697,-3434.0,,0.5377543922513723,7328,3664,-1,-1,-1,PuLP: Error while trying to execute gurobi_cl,230,1.107873747125268
1730307784.718174,rays-5,1000,1730307653.537404,3.5751503006012024,0.5,6,500,3759,False,0,x86_64,292,0.47506183385849,7516,3758,0.6261994484812021,0.6260735988616943,-3513.0,,0.5459073688834906,7516,3758,0.6630069687962532,0.6628744602203369,-3513.0,,245,1.1790246460586786
1730307788.838768,rays-5,1000,1730307653.537404,3.5861723446893787,0.5,6,500,3856,False,0,x86_64,311,0.4836189914494753,7710,3855,0.66648562066257,0.6663737297058105,-3595.0,,0.5633608344942331,7710,3855,0.7400324791669846,0.7398827075958252,-3595.0,,260,1.3026831913739443
1730307793.249448,rays-5,1000,1730307653.537404,3.5971943887775555,0.5,6,500,3955,False,0,x86_64,327,0.5015982799232006,7908,3954,0.9965223651379347,0.9962823390960693,-3684.0,,0.5752684436738491,7908,3954,1.3366541489958763,1.3365371227264404,-3684.0,,270,1.3705901242792606
1730307798.75864,rays-5,1000,1730307653.537404,3.608216432865732,0.5,6,500,4057,False,0,x86_64,397,0.5164696834981441,8112,4056,0.5473975278437138,0.5472636222839355,-3751.0,,0.5538707915693521,8112,4056,0.5185435507446527,0.5184323787689209,-3751.0,,305,1.4643449522554874
1730307802.974493,rays-5,1000,1730307653.537404,3.619238476953908,0.5,6,500,4161,False,0,x86_64,446,0.5318288914859295,8320,4160,0.4328961465507746,0.43279290199279785,-3825.0,,0.5342886038124561,8320,4160,-1,-1,-1,PuLP: Error while trying to execute gurobi_cl,335,1.7324698735028505
1730307807.817468,rays-5,1000,1730307653.537404,3.6302605210420844,0.5,6,500,4268,False,0,x86_64,476,0.6542388759553432,8534,4267,0.43047271110117435,0.4303555488586426,-3902.0,,0.5485471207648516,8534,4267,0.9638074971735477,0.9636931419372559,-3902.0,,365,1.9203385822474957
1730307813.249813,rays-5,1000,1730307653.537404,3.6412825651302607,0.5,6,500,4378,False,0,x86_64,540,0.5644072704017162,8754,4377,0.518488060683012,0.5183577537536621,-3987.0,,0.5980481691658497,8754,4377,0.43838655203580856,0.4382774829864502,-3987.0,,390,1.9791622199118137
1730307817.996673,rays-5,1000,1730307653.537404,3.652304609218437,0.5,6,500,4490,False,0,x86_64,588,0.5862795021384954,8978,4489,0.7632756121456623,0.7631595134735107,-4094.0,,0.6654850039631128,8978,4489,0.7042286638170481,0.7041137218475342,-4094.0,,395,2.1644408367574215
1730307823.657737,rays-5,1000,1730307653.537404,3.6633266533066133,0.5,6,500,4606,False,0,x86_64,650,0.6020623240619898,9210,4605,1.141560185700655,1.1414268016815186,-4160.0,,0.6850104946643114,9210,4605,0.4965678099542856,0.4964606761932373,-4160.0,,445,2.390769859775901
1730307829.71083,rays-5,1000,1730307653.537404,3.6743486973947896,0.5,6,500,4724,False,0,x86_64,743,0.6304634492844343,9446,4723,1.0936785284429789,1.093559741973877,-4233.0,,0.7135924566537142,9446,4723,0.9898975472897291,0.9897761344909668,-4233.0,,490,2.7694825548678637
1730307836.708483,rays-5,1000,1730307653.537404,3.685370741482966,0.5,6,500,4845,False,0,x86_64,798,0.646473104134202,9688,4844,0.8280463647097349,0.8279125690460205,-4319.0,,0.7690866217017174,9688,4844,1.105193329975009,1.1050827503204346,-4319.0,,525,3.0628863275051117
1730307843.865,rays-5,1000,1730307653.537404,3.6963927855711423,0.5,6,500,4970,False,0,x86_64,973,0.679329315200448,9938,4969,0.6780755743384361,0.6779682636260986,-4384.0,,0.6809059772640467,9938,4969,0.8968248087912798,0.8967127799987793,-4384.0,,585,3.4502156395465136
1730307851.097958,rays-5,1000,1730307653.537404,3.707414829659319,0.5,6,500,5098,False,0,x86_64,1083,0.7125099152326584,10194,5097,0.8378948587924242,0.8377828598022461,-4467.0,,0.8002621494233608,10194,5097,0.7290860209614038,0.7289729118347168,-4467.0,,630,3.6930475123226643
1730307858.772917,rays-5,1000,1730307653.537404,3.7184368737474953,0.5,6,500,5229,False,0,x86_64,1185,0.7347940895706415,10456,5228,0.8223584443330765,0.8222434520721436,-4568.0,,0.832171993330121,10456,5228,0.9648952037096024,0.9647698402404785,-4568.0,,660,4.055210243910551
1730307867.087726,rays-5,1000,1730307653.537404,3.7294589178356716,0.5,6,500,5363,False,0,x86_64,1265,0.7579597048461437,10724,5362,0.8598235286772251,0.8597149848937988,-4687.0,,0.8709533233195543,10724,5362,0.7303942777216434,0.73028564453125,-4687.0,,675,4.210306953638792
1730307875.376174,rays-5,1000,1730307653.537404,3.740480961923848,0.5,6,500,5501,False,0,x86_64,1437,0.8230997435748577,11000,5500,0.6332768332213163,0.6331765651702881,-4790.0,,0.7968897670507431,11000,5500,0.7780943065881729,0.7779796123504639,-4790.0,,710,4.4596642423421144
1730307883.769123,rays-5,1000,1730307653.537404,3.7515030060120242,0.5,6,500,5642,False,0,x86_64,1581,0.8298276290297508,11282,5641,0.9333794973790646,0.933274507522583,-4906.0,,0.9262459371238947,11282,5641,0.7716211639344692,0.7715117931365967,-4906.0,,735,4.691474163904786
1730307892.898483,rays-5,1000,1730307653.537404,3.7625250501002006,0.5,6,500,5787,False,0,x86_64,1889,0.8896132502704859,11572,5786,1.8279845993965864,1.8278875350952148,-4996.0,,0.9765380956232548,11572,5786,1.132252624258399,1.1321437358856201,-4996.0,,790,5.265575213357806
1730307904.115675,rays-5,1000,1730307653.537404,3.773547094188377,0.5,6,500,5936,False,0,x86_64,2203,1.023752361536026,11868,5934,1.083915000781417,1.0838055610656738,-5084.0,,1.0528178177773952,11868,5934,0.959657734259963,0.9595446586608887,-5084.0,,850,5.816933933645487
1730307915.277367,rays-5,1000,1730307653.537404,3.784569138276553,0.5,6,500,6089,False,0,x86_64,2517,1.046880716457963,12174,6087,0.7580136898905039,0.7579033374786377,-5167.0,,0.9985634870827198,12174,6087,0.8288302086293697,0.8287317752838135,-5167.0,,920,6.33976816944778
1730307926.322584,rays-5,1000,1730307653.537404,3.7955911823647295,0.5,6,500,6245,False,0,x86_64,2885,1.061953192576766,12486,6243,0.775741333141923,0.775629997253418,-5263.0,,1.069286284968257,12486,6243,1.3479236848652363,1.3478190898895264,-5263.0,,980,6.950127204880118
1730307938.683995,rays-5,1000,1730307653.537404,3.806613226452906,0.5,6,500,6406,False,0,x86_64,3293,1.1440349258482456,12808,6404,1.251889456063509,1.2517788410186768,-5354.0,,1.22650427184999,12808,6404,1.731396498158574,1.731292486190796,-5354.0,,1050,7.765575706958771
1730307953.03651,rays-5,1000,1730307653.537404,3.8176352705410825,0.5,6,500,6571,False,0,x86_64,3751,1.2476368471980095,13138,6569,1.0949859414249659,1.0948753356933594,-5484.0,,1.2957322131842375,13138,6569,-1,-1,-1,PuLP: Error while trying to execute gurobi_cl,1085,8.092280687764287
1730307967.301696,rays-5,1000,1730307653.537404,3.828657314629259,0.5,6,500,6739,False,0,x86_64,4341,1.3122306019067764,13474,6737,0.8602009732276201,0.8600978851318359,-5572.0,,1.3204830922186375,13474,6737,1.20281233638525,1.2027003765106201,-5572.0,,1165,8.874310849234462
1730307982.243855,rays-5,1000,1730307653.537404,3.839679358717435,0.5,6,500,6913,False,0,x86_64,4867,1.4007096160203218,13820,6910,1.1824777591973543,1.182368278503418,-5665.0,,1.3967316094785929,13820,6910,1.05575012229383,1.0556375980377197,-5665.0,,1245,9.605268964543939
1730307998.319453,rays-5,1000,1730307653.537404,3.8507014028056115,0.5,6,500,7090,False,0,x86_64,5228,1.5009518656879663,14174,7087,1.05216483771801,1.0520634651184082,-5797.0,,1.4677395410835743,14174,7087,1.073858728632331,1.0737555027008057,-5797.0,,1290,10.250863110646605
1730308015.107597,rays-5,1000,1730307653.537404,3.8617234468937878,0.5,6,500,7273,False,0,x86_64,5953,1.617098605260253,14540,7270,1.5333650037646294,1.5332555770874023,-5910.0,,1.668390104547143,14540,7270,1.3299587480723858,1.329852819442749,-5910.0,,1360,11.03750360943377
1730308033.819811,rays-5,1000,1730307653.537404,3.872745490981964,0.5,6,500,7460,False,0,x86_64,6886,1.7689641546458006,14914,7457,1.1222371850162745,1.1221280097961426,-6007.0,,1.73781599663198,14914,7457,1.3496371116489172,1.3495323657989502,-6007.0,,1450,12.066950086504221
1730308053.467669,rays-5,1000,1730307653.537404,3.8837675350701404,0.5,6,500,7651,False,0,x86_64,8170,1.9857750199735165,15294,7647,1.1893038023263216,1.1891984939575195,-6152.0,,1.9188196323812008,15294,7647,1.548333253711462,1.5482304096221924,-6152.0,,1495,12.773019036278129
1730308074.620384,rays-5,1000,1730307653.537404,3.8947895791583167,0.5,6,500,7848,False,0,x86_64,9319,2.120654083788395,15688,7844,1.369316739961505,1.3692164421081543,-6279.0,,2.138485159724951,15688,7844,1.5467033609747887,1.5466032028198242,-6279.0,,1565,13.652982857078314
1730308097.314585,rays-5,1000,1730307653.537404,3.905811623246493,0.5,6,500,8050,False,0,x86_64,10461,2.313207782804966,16092,8046,1.440560596063733,1.4404511451721191,-6411.0,,2.289852447807789,16092,8046,1.5999632850289345,1.5998609066009521,-6411.0,,1635,14.618239749222994
1730308121.614595,rays-5,1000,1730307653.537404,3.9168336673346693,0.5,6,500,8257,False,0,x86_64,11857,2.4902283865958452,16506,8253,1.83419837243855,1.8340916633605957,-6553.0,,2.545289443805814,16506,8253,1.7113121822476387,1.7112035751342773,-6553.0,,1700,15.64534198306501
1730308147.94908,rays-5,1000,1730307653.537404,3.927855711422846,0.5,6,500,8469,False,0,x86_64,13793,2.7843494806438684,16928,8464,1.5203273855149746,1.5202269554138184,-6689.0,,2.789445612579584,16928,8464,2.3068515583872795,2.3067493438720703,-6689.0,,1775,16.421614771708846
1730308176.078426,rays-5,1000,1730307653.537404,3.9388777555110224,0.5,6,500,8687,False,0,x86_64,15548,3.0315670873969793,17362,8681,1.7468244601041079,1.7467164993286133,-6801.0,,3.078137803822756,17362,8681,1.9801002964377403,1.9799928665161133,-6801.0,,1880,17.686054976657033
1730308205.994103,rays-5,1000,1730307653.537404,3.9498997995991987,0.5,6,500,8910,False,0,x86_64,17435,3.381228242069483,17808,8904,1.8802821096032858,1.8801798820495605,-6929.0,,3.3478734456002712,17808,8904,2.2679363321512938,2.2678327560424805,-6929.0,,1975,18.97088528238237
1730308238.471571,rays-5,1000,1730307653.537404,3.960921843687375,0.5,6,500,9139,False,0,x86_64,20158,3.783456888049841,18266,9133,1.9144736118614674,1.9143612384796143,-7048.0,,3.7474439088255167,18266,9133,2.321785917505622,2.321678638458252,-7048.0,,2085,20.60496829263866
1730308273.69388,rays-5,1000,1730307653.537404,3.9719438877755513,0.5,6,500,9374,False,0,x86_64,22742,4.157722856849432,18734,9367,2.272042939439416,2.271939516067505,-7177.0,,4.153618833050132,18734,9367,2.4941328074783087,2.494030714035034,-7177.0,,2190,22.160387007519603
1730308311.970764,rays-5,1000,1730307653.537404,3.9829659318637276,0.5,6,500,9615,False,0,x86_64,26130,4.637523282319307,19214,9607,2.354687796905637,2.35457444190979,-7327.0,,4.651694675907493,19214,9607,3.4201117902994156,3.4200103282928467,-7327.0,,2280,23.61311553604901
1730308354.065806,rays-5,1000,1730307653.537404,3.993987975951904,0.5,6,500,9862,False,0,x86_64,29970,5.220170099288225,19706,9853,2.631658824160695,2.631549596786499,-7448.0,,5.200937328860164,19706,9853,3.3256185073405504,3.3255198001861572,-7448.0,,2405,24.927630634978414
1730308399.070045,rays-5,1000,1730307653.537404,4.00501002004008,0.5,6,500,10116,False,0,x86_64,34270,5.83115559630096,20214,10107,2.874520406126976,2.8744170665740967,-7622.0,,5.808776367455721,20214,10107,3.5475170519202948,3.547412157058716,-7622.0,,2485,26.271047543734312
1730308447.377045,rays-5,1000,1730307653.537404,4.0160320641282565,0.5,6,500,10376,False,0,x86_64,39724,6.6398793905973434,20734,10367,3.4550916031003,3.454982280731201,-7782.0,,6.622389243915677,20734,10367,4.237669488415122,4.2375688552856445,-7782.0,,2585,28.004051696509123
1730308500.789275,rays-5,1000,1730307653.537404,4.027054108216433,0.5,6,500,10642,False,0,x86_64,44908,7.347303204238415,21266,10633,4.10676171630621,4.10664963722229,-7943.0,,7.355598285794258,21266,10633,4.872932445257902,4.872832298278809,-7943.0,,2690,29.910505210980773
1730308559.412937,rays-5,1000,1730307653.537404,4.03807615230461,0.5,6,500,10916,False,0,x86_64,51603,8.401956906542182,21814,10907,4.06136048771441,4.061256647109985,-8107.0,,8.308523347601295,21814,10907,5.306241342797875,5.306139945983887,-8107.0,,2800,31.668227093294263
1730308622.727188,rays-5,1000,1730307653.537404,4.0490981963927855,0.5,6,500,11196,False,0,x86_64,58030,9.267671331763268,22374,11187,4.138033417984843,4.137932062149048,-8297.0,,9.203931864351034,22374,11187,5.582628060132265,5.582517147064209,-8297.0,,2890,33.63219140470028
1730308690.59979,rays-5,1000,1730307653.537404,4.060120240480963,0.5,6,500,11484,False,0,x86_64,66128,10.421167194843292,22950,11475,4.872605167329311,4.872502326965332,-8450.0,,10.370791113004088,22950,11475,6.390589093789458,6.390475749969482,-8450.0,,3025,36.67534074932337
1730308765.999199,rays-5,1000,1730307653.537404,4.071142284569138,0.5,6,500,11779,False,0,x86_64,76162,11.876383431255817,23540,11770,5.3455415442585945,5.3454344272613525,-8660.0,,11.838936204090714,23540,11770,7.828290671110153,7.828173875808716,-8660.0,,3110,38.27538073249161
1730308848.61416,rays-5,1000,1730307653.537404,4.082164328657315,0.5,6,500,12082,False,0,x86_64,85352,13.190908474847674,24144,12072,6.432767802849412,6.432667970657349,-8912.0,,13.215038923546672,24144,12072,8.175945106893778,8.175843954086304,-8912.0,,3160,40.04623426310718
1730308937.831061,rays-5,1000,1730307653.537404,4.093186372745491,0.5,6,500,12393,False,0,x86_64,95961,14.719905624166131,24766,12383,5.839962935075164,5.839855670928955,-9118.0,,14.750412898138165,24766,12383,9.30480420589447,9.304697036743164,-9118.0,,3265,43.44363291375339
1730309034.919082,rays-5,1000,1730307653.537404,4.104208416833668,0.5,6,500,12711,False,0,x86_64,109642,16.835733661428094,25400,12700,6.68705465272069,6.686940908432007,-9340.0,,16.70762323215604,25400,12700,9.850752575322986,9.85049843788147,-9340.0,,3360,45.53914282284677
1730309140.617642,rays-5,1000,1730307653.537404,4.115230460921843,0.5,6,500,13038,False,0,x86_64,127375,19.28437495417893,26054,13027,8.199819715693593,8.199716567993164,-9547.0,,19.277693340554833,26054,13027,10.874073632061481,10.8739652633667,-9547.0,,3480,48.12314168550074
1730309257.923826,rays-5,1000,1730307653.537404,4.1262525050100205,0.5,6,500,13373,False,0,x86_64,143858,21.78226969204843,26722,13361,8.715539060533047,8.715429067611694,-9806.0,,21.8793801702559,26722,13361,12.652519227936864,12.652406454086304,-9806.0,,3555,50.666916124522686
1730309386.511731,rays-5,1000,1730307653.537404,4.137274549098197,0.5,6,500,13717,False,0,x86_64,163130,24.477390306070447,27410,13705,9.510743498802185,9.510634422302246,-10040.0,,24.51115334033966,27410,13705,14.791633816435933,14.791520833969116,-10040.0,,3665,53.54192989692092
1730309527.656448,rays-5,1000,1730307653.537404,4.148296593186373,0.5,6,500,14070,False,0,x86_64,183796,27.680162236094475,28116,14058,11.06225522980094,11.06214714050293,-10318.0,,27.578761857002974,28116,14058,15.806988589465618,15.806889533996582,-10318.0,,3740,56.55971881560981
1730309682.245443,rays-5,1000,1730307653.537404,4.159318637274549,0.5,6,500,14431,False,0,x86_64,205615,30.704919343814254,28836,14418,12.135208712890744,12.135092735290527,-10533.0,,30.8788802921772,28836,14418,18.96896192803979,18.96885085105896,-10533.0,,3885,59.27074710465968
1730309851.756995,rays-5,1000,1730307653.537404,4.170340681362726,0.5,6,500,14802,False,0,x86_64,233783,34.865885308012366,29578,14789,13.693633465096354,13.693531274795532,-10844.0,,34.974166214466095,29578,14789,19.98348243907094,19.98336148262024,-10844.0,,3945,62.43825002759695
1730310037.491044,rays-5,1000,1730307653.537404,4.181362725450902,0.5,6,500,15183,False,0,x86_64,263085,38.98718614317477,30338,15169,15.59560395218432,15.595494985580444,-11149.0,,39.077347997576,30338,15169,22.71673096716404,22.716630697250366,-11149.0,,4020,65.37096955254674
1730310240.943558,rays-5,1000,1730307653.537404,4.192384769539078,0.5,6,500,15573,False,0,x86_64,294367,43.9013423807919,31116,15558,16.51285557076335,16.512752056121826,-11458.0,,43.861488953232765,31116,15558,26.125196777284145,26.125091314315796,-11458.0,,4100,68.66679936088622
1730310464.421681,rays-5,1000,1730307653.537404,4.203406813627255,0.5,6,500,15973,False,0,x86_64,333049,49.22988866083324,31914,15957,19.272320441901684,19.27220869064331,-11797.0,,48.93858000263572,31914,15957,29.150922648608685,29.150806188583374,-11797.0,,4160,70.8278638664633
1730310709.216639,rays-5,1000,1730307653.537404,4.214428857715431,0.5,6,500,16384,False,0,x86_64,381356,56.15712260827422,32736,16368,21.480375649407506,21.480151653289795,-12153.0,,56.29437367990613,32736,16368,31.41163983568549,31.411526679992676,-12153.0,,4215,73.59563685394824
1730310978.959455,rays-5,1000,1730307653.537404,4.225450901803607,0.5,6,500,16805,False,0,x86_64,431947,64.40386334247887,33574,16787,23.191817071288824,23.19170570373535,-12532.0,,63.805400440469384,33574,16787,38.68612691573799,38.68601608276367,-12532.0,,4255,76.50939383730292
1730311280.747233,rays-5,1000,1730307653.537404,4.236472945891784,0.5,6,500,17237,False,0,x86_64,493168,72.86090646497905,34434,17217,26.982729483395815,26.982616901397705,-12912.0,,72.80646346509457,34434,17217,41.81474402919412,41.814634561538696,-12912.0,,4305,78.76764642819762
1730311614.088929,rays-5,1000,1730307653.537404,4.247494989979961,0.5,6,500,17680,False,0,x86_64,565325,83.27254873327911,35318,17659,31.331805596128106,31.331698894500732,-13304.0,,82.34086119011045,35318,17659,46.424952210858464,46.42485022544861,-13304.0,,4355,80.48801227100194
1730311983.987089,rays-5,1000,1730307653.537404,4.258517034068136,0.5,6,500,18134,False,0,x86_64,637105,92.84213157743216,36222,18111,33.58076489530504,33.58064675331116,-13691.0,,92.6890317723155,36222,18111,55.326073840260506,55.32595181465149,-13691.0,,4420,84.64086420089006
1730312392.966269,rays-5,1000,1730307653.537404,4.269539078156313,0.5,6,500,18601,False,0,x86_64,715908,103.88429869152606,37150,18575,39.74568896368146,39.745463132858276,-14135.0,,104.17403417080641,37150,18575,57.778315057978034,57.77820372581482,-14135.0,,4440,86.63957831822336
1730312840.887924,rays-5,1000,1730307653.537404,4.280561122244489,0.5,6,500,19079,False,0,x86_64,818845,119.01096045598388,38100,19050,45.547698171809316,45.54746985435486,-14545.0,,119.38608707487583,38100,19050,67.73721985891461,67.73699450492859,-14545.0,,4505,89.89127406850457
1730313347.265682,rays-5,1000,1730307653.537404,4.291583166332666,0.5,6,500,19569,False,0,x86_64,924795,134.35494643449783,39076,19538,48.67225341685116,48.672017097473145,-14983.0,,133.78994770348072,39076,19538,79.77709866687655,79.77698397636414,-14983.0,,4555,92.5180324241519
1730313909.964108,rays-5,1000,1730307653.537404,4.302605210420841,0.5,6,500,20072,False,0,x86_64,1049361,150.28446680121124,40076,20038,56.97352313995361,56.973411321640015,-15448.0,,151.5326397716999,40076,20038,85.23608005419374,85.23585772514343,-15448.0,,4590,96.18774981796741
1730314533.67673,rays-5,1000,1730307653.537404,4.313627254509019,0.5,6,500,20588,False,0,x86_64,1191860,172.82327632047236,41108,20554,62.85214337520301,62.851919651031494,-15949.0,,166.20163768157363,41108,20554,111.00702526047826,111.00690913200378,-15949.0,,4605,100.24311824515462
1730315245.428218,rays-5,1000,1730307653.537404,4.324649298597194,0.5,6,500,21117,False,0,x86_64,1356057,219.9496155474335,42160,21080,70.89364175125957,70.89350867271423,-16440.0,,195.8491434827447,42160,21080,111.80018626712263,111.80006957054138,-16440.0,,4640,102.88672032393515
1730316094.147529,rays-5,1000,1730307653.537404,4.335671342685371,0.5,6,500,21660,False,0,x86_64,1520077,535.0766408126801,43244,21622,80.68471006676555,80.6845645904541,-16942.0,,313.5176936071366,43244,21622,124.90592494793236,124.90580916404724,-16942.0,,4680,106.31056932918727
1730317798.512232,rays-5,1000,1730307653.537404,4.346693386773547,0.5,6,500,22217,False,0,x86_64,1715377,250.31568778306246,44356,22178,94.67309688031673,94.67291212081909,-17468.0,,246.55871471203864,44356,22178,141.31627945788205,141.3161656856537,-17468.0,,4710,108.2716446518898
1730318810.281526,rays-5,1000,1730307653.537404,4.357715430861724,0.5,6,500,22788,False,0,x86_64,1948492,282.7170723695308,45496,22748,105.05665650963783,105.05653190612793,-18008.0,,283.2918433956802,45496,22748,179.54992185533047,179.5498127937317,-18008.0,,4740,111.48393685743213
1730319927.249832,rays-5,1000,1730307653.537404,4.3687374749499,0.5,6,500,23374,False,0,x86_64,2225790,321.914497802034,46666,23333,132.2872911747545,132.2871391773224,-18573.0,,321.81001753360033,46666,23333,242.29417790845037,242.29405546188354,-18573.0,,4760,116.06548753939569
1730321252.05916,rays-5,1000,1730307653.537404,4.3797595190380765,0.5,6,500,23975,False,0,x86_64,2512837,364.8535361401737,47866,23933,149.62856638617814,149.62838506698608,-19133.0,,355.2520747575909,47866,23933,230.66031686402857,230.6601631641388,-19133.0,,4800,120.50243223644793
1730322682.315515,rays-5,1000,1730307653.537404,4.390781563126253,0.5,6,500,24591,False,0,x86_64,2843939,412.5740498844534,49096,24548,163.11519893445075,163.11503791809082,-19713.0,,409.67750469595194,49096,24548,282.269781159237,282.2696199417114,-19713.0,,4835,126.9496986400336
1730324320.685227,rays-5,1000,1730307653.537404,4.401803607214429,0.5,6,500,25223,False,0,x86_64,3218104,466.0585514958948,50352,25176,198.7301295157522,198.7298538684845,-20336.0,,465.6953294891864,50352,25176,324.040539605543,324.04041266441345,-20336.0,,4840,131.8393882457167
1730326190.074191,rays-5,1000,1730307653.537404,4.412825651302605,0.5,6,500,25871,False,0,x86_64,3643477,532.9796962663531,51630,25815,230.27689817547798,230.27662420272827,-20930.0,,522.6796758659184,51630,25815,370.49330911040306,370.4930284023285,-20930.0,,4885,135.14171755686402
1730328308.250186,rays-5,1000,1730307653.537404,4.423847695390782,0.5,6,500,26536,False,0,x86_64,4125155,596.5883814357221,52948,26474,243.62684451974928,243.62656927108765,-21564.0,,595.6577427014709,52948,26474,393.9500740598887,393.9497871398926,-21564.0,,4910,137.80173686146736
1730330631.850989,rays-5,1000,1730307653.537404,4.434869739478958,0.5,6,500,27218,False,0,x86_64,4702946,681.4090234525502,54296,27148,289.8690900839865,289.8688430786133,-22228.0,,673.4473738707602,54296,27148,445.5649181511253,445.5646505355835,-22228.0,,4920,138.97916236519814
1730333276.45158,rays-5,1000,1730307653.537404,4.445891783567134,0.5,6,500,27918,False,0,x86_64,5393609,772.5149571821094,55690,27845,337.79753679037094,337.79726099967957,-22920.0,,776.351215865463,55690,27845,498.6698297895491,498.6695544719696,-22920.0,,4925,139.5761927012354
1730336270.403784,rays-5,1000,1730307653.537404,4.456913827655311,0.5,6,500,28636,False,0,x86_64,6126686,852.4315309543163,57126,28563,383.65645934455097,383.65619134902954,-23628.0,,865.2930538952351,57126,28563,658.9875581823289,658.9872789382935,-23628.0,,4935,156.7109598517418
1730339756.112637,rays-5,1000,1730307653.537404,4.467935871743487,0.5,6,500,29372,False,0,x86_64,6973077,1016.0563602559268,58590,29295,530.4498322531581,530.4495885372162,-24355.0,,1012.981842327863,58590,29295,743.2693045008928,743.2690236568451,-24355.0,,4940,160.30211555399
1730343928.999723,rays-5,1000,1730307653.537404,4.478957915831664,0.5,6,500,30127,False,0,x86_64,7971670,1155.6409617010504,60094,30047,615.7429568115622,615.7426648139954,-25102.0,,1160.7654118351638,60094,30047,894.8687352295965,894.8684587478638,-25102.0,,4945,162.12684066593647
1730348748.688538,rays-5,1000,1730307653.537404,4.48997995991984,0.5,6,500,30901,False,0,x86_64,9161747,1324.7543098926544,61634,30817,693.7349668927491,693.7346711158752,-25862.0,,1303.7123704161495,61634,30817,845.6448468752205,845.6446912288666,-25862.0,,4955,152.75564603321254
1730354018.392842,rays-5,1000,1730307653.537404,4.501002004008016,0.5,6,500,31695,False,0,x86_64,10378030,1456.6116174925119,63210,31605,683.982313754037,683.9820740222931,-26650.0,,1485.720806542784,63210,31605,948.6519485767931,948.6516664028168,-26650.0,,4955,162.2101608198136
1730359774.11227,rays-5,1000,1730307653.537404,4.512024048096192,0.5,6,500,32510,False,0,x86_64,11745825,1713.522256853059,64828,32414,843.7399610579014,843.7396695613861,-27449.0,,1703.0717556662858,64828,32414,1267.2639983352274,1267.263708114624,-27449.0,,4965,177.53084911964834
1730366724.383725,rays-5,1000,1730307653.537404,4.523046092184369,0.5,6,500,33346,False,0,x86_64,13226157,1949.8473240043968,66484,33242,1106.5405975151807,1106.5403172969818,-28277.0,,1977.033918812871,66484,33242,1548.5892662983388,1548.5889854431152,-28277.0,,4965,185.444640442729
1730375071.874711,rays-5,1000,1730307653.537404,4.534068136272546,0.5,6,500,34203,False,0,x86_64,15065262,2229.3141372110695,68194,34097,1270.323631690815,1270.3233289718628,-29122.0,,2257.302358441055,68194,34097,1860.0173584483564,1860.017075061798,-29122.0,,4975,189.98907034657896
