instance timestamp,query,domain size,run id,itr exponent,itr start,itr end,itr num,tuples added,bag semantics,max bag size,processor,number_of_witnesses,adpk,lp_results: witness_computation_time,lp_results: number_of_witnesses,lp_results: number_of_tuples,lp_results: Solve Time,lp_results: Solver Solution Time,lp_results: GDP,lp_results: error,ilp_results: witness_computation_time,ilp_results: number_of_witnesses,ilp_results: number_of_tuples,ilp_results: Solve Time,ilp_results: Solver Solution Time,ilp_results: GDP,ilp_results: error
1730259944.370371,hc-sj-ucq,1000,1730259888.439828,3.475951903807615,0.5,6,500,2991,False,0,x86_64,7,0,0.4421840999275446,0,2991,0.5508842710405588,0.550792932510376,0.0,,0.550011295825243,0,2991,0.37870775163173676,0.37857985496520996,0.0,
1730259946.936113,hc-sj-ucq,1000,1730259888.439828,3.486973947895792,0.5,6,500,3068,False,0,x86_64,8,0,0.5401153191924095,0,3068,0.37801228277385235,0.3779139518737793,0.0,,0.4547076188027859,0,3068,0.48375767283141613,0.48361873626708984,0.0,
1730259949.568656,hc-sj-ucq,1000,1730259888.439828,3.4979959919839683,0.5,6,500,3147,False,0,x86_64,10,0,0.5548519305884838,0,3147,0.3524987082928419,0.35239553451538086,0.0,,0.4639218859374523,0,3147,0.3483111001551151,0.3481884002685547,0.0,
1730259951.99381,hc-sj-ucq,1000,1730259888.439828,3.5090180360721446,0.5,6,500,3228,False,0,x86_64,11,1,0.5664171539247036,0,3228,0.31489997543394566,0.31479835510253906,0.5,,0.45979203656315804,0,3228,0.3177758492529392,0.3176593780517578,1.0,
1730259954.280833,hc-sj-ucq,1000,1730259888.439828,3.520040080160321,0.5,6,500,3311,False,0,x86_64,13,1,0.5790612641721964,0,3311,0.3571323174983263,0.3570284843444824,0.5,,0.48568926751613617,0,3311,0.3360245060175657,0.33589720726013184,1.0,
1730259956.756149,hc-sj-ucq,1000,1730259888.439828,3.531062124248497,0.5,6,500,3396,False,0,x86_64,13,1,0.5912989471107721,0,3396,0.3168602026998997,0.316760778427124,0.5,,0.478561170399189,0,3396,0.4030527248978615,0.40291357040405273,1.0,
1730259959.292243,hc-sj-ucq,1000,1730259888.439828,3.5420841683366735,0.5,6,500,3484,False,0,x86_64,15,1,0.628571281209588,0,3484,0.3904386516660452,0.390336275100708,0.5,,0.6317827999591827,0,3484,0.32568729668855667,0.3255641460418701,1.0,
1730259961.994884,hc-sj-ucq,1000,1730259888.439828,3.55310621242485,0.5,6,500,3573,False,0,x86_64,15,1,0.6127474717795849,0,3573,0.3549713082611561,0.35485386848449707,0.5,,0.5057856403291225,0,3573,0.30180737748742104,0.3016965389251709,1.0,
1730259964.470656,hc-sj-ucq,1000,1730259888.439828,3.564128256513026,0.5,6,500,3665,False,0,x86_64,19,1,0.48629433289170265,0,3665,0.36597237549722195,0.36583805084228516,0.5,,0.5119833275675774,0,3665,0.3610418029129505,0.36094117164611816,1.0,
1730259966.852755,hc-sj-ucq,1000,1730259888.439828,3.5751503006012024,0.5,6,500,3759,False,0,x86_64,21,2,0.6496509220451117,0,3759,0.43616657704114914,0.43606042861938477,1.0,,0.6730618178844452,0,3759,0.3919753786176443,0.39185118675231934,1.0,
1730259969.794012,hc-sj-ucq,1000,1730259888.439828,3.5861723446893787,0.5,6,500,3856,False,0,x86_64,21,2,0.6526315174996853,0,3856,0.6383998040109873,0.6382923126220703,1.0,,0.6896181777119637,0,3856,0.43452964536845684,0.4344027042388916,1.0,
1730259972.97208,hc-sj-ucq,1000,1730259888.439828,3.5971943887775555,0.5,6,500,3955,False,0,x86_64,21,2,0.6592635903507471,0,3955,0.38511865586042404,0.38501977920532227,1.0,,0.5608222670853138,0,3955,0.4313453324139118,0.43123888969421387,1.0,
1730259975.783673,hc-sj-ucq,1000,1730259888.439828,3.608216432865732,0.5,6,500,4057,False,0,x86_64,21,2,0.6810999605804682,0,4057,0.36525149270892143,0.3651406764984131,1.0,,0.5662622675299644,0,4057,0.43862953037023544,0.43850255012512207,1.0,
1730259978.589168,hc-sj-ucq,1000,1730259888.439828,3.619238476953908,0.5,6,500,4161,False,0,x86_64,22,2,0.6928918398916721,0,4161,0.4668480958789587,0.4667062759399414,1.0,,0.5724782552570105,0,4161,0.47631168738007545,0.4761815071105957,1.0,
1730259981.617416,hc-sj-ucq,1000,1730259888.439828,3.6302605210420844,0.5,6,500,4268,False,0,x86_64,23,2,0.7224896382540464,0,4268,0.5463157799094915,0.5461816787719727,1.0,,0.7311847973614931,0,4268,0.5329383723437786,0.5328037738800049,1.0,
1730259985.123631,hc-sj-ucq,1000,1730259888.439828,3.6412825651302607,0.5,6,500,4378,False,0,x86_64,24,2,0.7162223756313324,0,4378,0.4574345387518406,0.45728349685668945,1.0,,0.613539095968008,0,4378,0.4658001959323883,0.4656226634979248,1.0,
1730259988.266361,hc-sj-ucq,1000,1730259888.439828,3.652304609218437,0.5,6,500,4490,False,0,x86_64,25,2,0.7309025693684816,0,4490,0.7677500285208225,0.7674582004547119,1.0,,0.7562182750552893,0,4490,0.41023851558566093,0.4100985527038574,1.0,
1730259991.89349,hc-sj-ucq,1000,1730259888.439828,3.6633266533066133,0.5,6,500,4606,False,0,x86_64,28,2,0.7424789927899837,0,4606,0.47006259858608246,0.4699208736419678,1.0,,0.6711042765527964,0,4606,0.47263097018003464,0.47246646881103516,1.0,
1730259995.158699,hc-sj-ucq,1000,1730259888.439828,3.6743486973947896,0.5,6,500,4724,False,0,x86_64,31,2,0.7838867586106062,0,4724,0.532095929607749,0.5319466590881348,1.0,,0.6781573034822941,0,4724,0.4771702215075493,0.4770197868347168,1.0,
1730259998.609685,hc-sj-ucq,1000,1730259888.439828,3.685370741482966,0.5,6,500,4845,False,0,x86_64,33,2,0.7551659923046827,0,4845,0.49536649137735367,0.49522995948791504,1.0,,0.682751065120101,0,4845,0.44750259444117546,0.44736742973327637,1.0,
1730260001.914654,hc-sj-ucq,1000,1730259888.439828,3.6963927855711423,0.5,6,500,4970,False,0,x86_64,34,3,0.6885264050215483,0,4970,0.49661424942314625,0.49643516540527344,1.5,,0.7532510589808226,0,4970,0.5469956994056702,0.546846866607666,2.0,
1730260005.281449,hc-sj-ucq,1000,1730259888.439828,3.707414829659319,0.5,6,500,5098,False,0,x86_64,35,3,0.8216527868062258,0,5098,0.5823273081332445,0.5821685791015625,1.5,,0.7494388986378908,0,5098,0.5166179649531841,0.5164680480957031,2.0,
1730260008.916557,hc-sj-ucq,1000,1730259888.439828,3.7184368737474953,0.5,6,500,5229,False,0,x86_64,36,3,0.7919109035283327,0,5229,0.6149239782243967,0.6147787570953369,1.5,,0.8509341645985842,0,5229,0.5883396621793509,0.5881915092468262,2.0,
1730260012.774189,hc-sj-ucq,1000,1730259888.439828,3.7294589178356716,0.5,6,500,5363,False,0,x86_64,39,3,0.8339310437440872,0,5363,0.7359316032379866,0.73577880859375,1.5,,0.8739639036357403,0,5363,0.5041112098842859,0.5039715766906738,2.0,
1730260016.778474,hc-sj-ucq,1000,1730259888.439828,3.740480961923848,0.5,6,500,5501,False,0,x86_64,42,3,0.8565734159201384,0,5501,0.611321521922946,0.6111760139465332,1.5,,0.8132205158472061,0,5501,0.5580797456204891,0.5579147338867188,2.0,
1730260020.695621,hc-sj-ucq,1000,1730259888.439828,3.7515030060120242,0.5,6,500,5642,False,0,x86_64,43,3,0.8560346346348524,0,5642,0.6360249798744917,0.6358914375305176,1.5,,0.9212633296847343,0,5642,0.627972899004817,0.6278393268585205,2.0,
1730260024.812534,hc-sj-ucq,1000,1730259888.439828,3.7625250501002006,0.5,6,500,5787,False,0,x86_64,43,3,0.9008610472083092,0,5787,0.6006342023611069,0.6004831790924072,1.5,,0.825137585401535,0,5787,0.5693318359553814,0.5691916942596436,2.0,
1730260028.857359,hc-sj-ucq,1000,1730259888.439828,3.773547094188377,0.5,6,500,5936,False,0,x86_64,44,3,0.9375834707170725,0,5936,0.7347658723592758,0.7346136569976807,1.5,,0.9646768756210804,0,5936,0.8517547734081745,0.8516054153442383,2.0,
1730260033.508326,hc-sj-ucq,1000,1730259888.439828,3.784569138276553,0.5,6,500,6089,False,0,x86_64,51,4,0.9405074752867222,0,6089,0.7060469966381788,0.7058978080749512,2.0,,0.9073817357420921,0,6089,0.5839951559901237,0.5838525295257568,2.0,
1730260037.841033,hc-sj-ucq,1000,1730259888.439828,3.7955911823647295,0.5,6,500,6245,False,0,x86_64,57,5,0.8953426163643599,0,6245,1.3242722302675247,1.3241217136383057,2.5,,0.9705840330570936,0,6245,0.6294418592005968,0.6293075084686279,3.0,
1730260042.846111,hc-sj-ucq,1000,1730259888.439828,3.806613226452906,0.5,6,500,6406,False,0,x86_64,60,5,0.9477923680096865,0,6406,0.7408163528889418,0.7406711578369141,2.5,,0.8853607457131147,0,6406,0.7677992284297943,0.7676544189453125,3.0,
1730260047.374088,hc-sj-ucq,1000,1730259888.439828,3.8176352705410825,0.5,6,500,6571,False,0,x86_64,62,5,0.9848708361387253,0,6571,0.9204493276774883,0.9202992916107178,2.5,,1.0345905423164368,0,6571,0.7394417002797127,0.7392957210540771,3.0,
1730260052.265209,hc-sj-ucq,1000,1730259888.439828,3.828657314629259,0.5,6,500,6739,False,0,x86_64,64,5,0.9838063716888428,0,6739,0.7072299029678106,0.7070846557617188,2.5,,0.960253519937396,0,6739,0.6993734147399664,0.6992204189300537,3.0,
1730260056.813572,hc-sj-ucq,1000,1730259888.439828,3.839679358717435,0.5,6,500,6913,False,0,x86_64,68,6,1.0099756605923176,0,6913,0.7233068756759167,0.7231605052947998,3.0,,0.94585195556283,0,6913,0.7431606091558933,0.74300217628479,3.0,
1730260061.605984,hc-sj-ucq,1000,1730259888.439828,3.8507014028056115,0.5,6,500,7090,False,0,x86_64,71,6,1.0645778812468052,0,7090,0.8421278446912766,0.8419821262359619,3.0,,0.9790301080793142,0,7090,0.755120325833559,0.7549691200256348,3.0,
1730260066.652301,hc-sj-ucq,1000,1730259888.439828,3.8617234468937878,0.5,6,500,7273,False,0,x86_64,73,6,1.1066430639475584,0,7273,0.9081814121454954,0.9080452919006348,3.0,,1.1360933408141136,0,7273,1.2030123565346003,1.202869176864624,3.0,
1730260072.400403,hc-sj-ucq,1000,1730259888.439828,3.872745490981964,0.5,6,500,7460,False,0,x86_64,73,6,1.110904747620225,0,7460,0.8284837063401937,0.8283421993255615,3.0,,1.0161503907293081,0,7460,0.7758254334330559,0.7756826877593994,3.0,
1730260077.514674,hc-sj-ucq,1000,1730259888.439828,3.8837675350701404,0.5,6,500,7651,False,0,x86_64,76,6,1.1374002415686846,0,7651,0.8260063454508781,0.8258609771728516,3.0,,1.0488404426723719,0,7651,0.7927272506058216,0.7925834655761719,3.0,
1730260082.858898,hc-sj-ucq,1000,1730259888.439828,3.8947895791583167,0.5,6,500,7848,False,0,x86_64,80,7,1.0750456769019365,0,7848,0.803829737007618,0.8036866188049316,3.5,,1.0931647475808859,0,7848,0.7967812325805426,0.796638011932373,4.0,
1730260087.963616,hc-sj-ucq,1000,1730259888.439828,3.905811623246493,0.5,6,500,8050,False,0,x86_64,83,7,1.196608791127801,0,8050,0.8337583299726248,0.8336100578308105,3.5,,1.141449674963951,0,8050,0.8777781873941422,0.8776340484619141,4.0,
1730260093.508194,hc-sj-ucq,1000,1730259888.439828,3.9168336673346693,0.5,6,500,8257,False,0,x86_64,86,7,1.1942329537123442,0,8257,0.8764653317630291,0.8763127326965332,3.5,,1.1203451305627823,0,8257,0.9448110368102789,0.944664716720581,4.0,
1730260099.200168,hc-sj-ucq,1000,1730259888.439828,3.927855711422846,0.5,6,500,8469,False,0,x86_64,89,7,1.1782025322318077,0,8469,0.9045912772417068,0.9042997360229492,3.5,,1.1556742321699858,0,8469,0.9288404602557421,0.9286925792694092,4.0,
1730260104.926243,hc-sj-ucq,1000,1730259888.439828,3.9388777555110224,0.5,6,500,8687,False,0,x86_64,91,8,1.2719520833343267,0,8687,0.9494190961122513,0.9492809772491455,4.0,,1.1743221022188663,0,8687,1.1530432980507612,1.1528997421264648,4.0,
1730260111.156789,hc-sj-ucq,1000,1730259888.439828,3.9498997995991987,0.5,6,500,8910,False,0,x86_64,96,8,1.2718909531831741,0,8910,0.9761728700250387,0.9760425090789795,4.0,,1.2132490687072277,0,8910,0.8933826945722103,0.8932414054870605,4.0,
1730260117.129241,hc-sj-ucq,1000,1730259888.439828,3.960921843687375,0.5,6,500,9139,False,0,x86_64,101,9,1.2485794555395842,0,9139,0.9518881253898144,0.9517436027526855,4.5,,1.2418092284351587,0,9139,1.0362989082932472,1.036158800125122,5.0,
1730260123.280198,hc-sj-ucq,1000,1730259888.439828,3.9719438877755513,0.5,6,500,9374,False,0,x86_64,104,9,1.3617243003100157,0,9374,0.9930816609412432,0.9929416179656982,4.5,,1.2977307047694921,0,9374,1.1574458852410316,1.1572990417480469,5.0,
1730260129.819327,hc-sj-ucq,1000,1730259888.439828,3.9829659318637276,0.5,6,500,9615,False,0,x86_64,108,9,1.4111078437417746,0,9615,1.0977269653230906,1.0975821018218994,4.5,,1.306397082284093,0,9615,1.4321252144873142,1.4319860935211182,5.0,
1730260136.859602,hc-sj-ucq,1000,1730259888.439828,3.993987975951904,0.5,6,500,9862,False,0,x86_64,116,10,1.4096000995486975,0,9862,1.8683011420071125,1.8681542873382568,5.0,,1.448588376864791,0,9862,1.1662808302789927,1.1661417484283447,5.0,
1730260144.833729,hc-sj-ucq,1000,1730259888.439828,4.00501002004008,0.5,6,500,10116,False,0,x86_64,124,11,1.4405715223401785,0,10116,1.2397044114768505,1.239546298980713,5.5,,1.5136065557599068,0,10116,1.13180729188025,1.131648302078247,6.0,
1730260152.208657,hc-sj-ucq,1000,1730259888.439828,4.0160320641282565,0.5,6,500,10376,False,0,x86_64,131,11,1.4438191577792168,0,10376,1.1842845492064953,1.1841344833374023,5.5,,1.5369549822062254,0,10376,1.431004922837019,1.4308643341064453,6.0,
1730260159.684864,hc-sj-ucq,1000,1730259888.439828,4.027054108216433,0.5,6,500,10642,False,0,x86_64,136,11,1.537434909492731,0,10642,1.1480104010552168,1.147864818572998,5.5,,1.446155458688736,0,10642,1.4143519699573517,1.4142062664031982,6.0,
1730260167.287745,hc-sj-ucq,1000,1730259888.439828,4.03807615230461,0.5,6,500,10916,False,0,x86_64,142,12,1.5393786914646626,0,10916,1.2857579961419106,1.2856006622314453,6.0,,1.574837151914835,0,10916,1.1947766058146954,1.194633960723877,6.0,
1730260174.98297,hc-sj-ucq,1000,1730259888.439828,4.0490981963927855,0.5,6,500,11196,False,0,x86_64,149,12,1.5918860211968422,0,11196,1.3122650031000376,1.312117576599121,6.0,,1.6356627512723207,0,11196,1.1800421923398972,1.1799044609069824,6.0,
1730260182.735305,hc-sj-ucq,1000,1730259888.439828,4.060120240480963,0.5,6,500,11484,False,0,x86_64,155,13,1.6220426317304373,0,11484,1.5511448923498392,1.5510027408599854,6.5,,1.6669150423258543,0,11484,1.5319150891155005,1.5317716598510742,7.0,
1730260191.349896,hc-sj-ucq,1000,1730259888.439828,4.071142284569138,0.5,6,500,11779,False,0,x86_64,161,13,1.7072467170655727,0,11779,1.506960667669773,1.5068116188049316,7.0,,1.6891694255173206,0,11779,1.2766360584646463,1.2764854431152344,7.0,
1730260199.796892,hc-sj-ucq,1000,1730259888.439828,4.082164328657315,0.5,6,500,12082,False,0,x86_64,168,14,1.733952460810542,0,12082,1.2814487889409065,1.2813246250152588,8.0,,1.64101342856884,0,12082,1.506753223016858,1.5066053867340088,8.0,
1730260208.289776,hc-sj-ucq,1000,1730259888.439828,4.093186372745491,0.5,6,500,12393,False,0,x86_64,174,14,1.821276631206274,0,12393,1.541927631944418,1.541778564453125,8.0,,1.8142792042344809,0,12393,1.3298487290740013,1.3296971321105957,8.0,
1730260217.10323,hc-sj-ucq,1000,1730259888.439828,4.104208416833668,0.5,6,500,12711,False,0,x86_64,178,15,1.728097466751933,0,12711,1.2810828518122435,1.2809367179870605,9.0,,1.7159206923097372,0,12711,1.3859236557036638,1.385775089263916,9.0,
1730260225.520827,hc-sj-ucq,1000,1730259888.439828,4.115230460921843,0.5,6,500,13038,False,0,x86_64,186,15,1.8678557965904474,0,13038,1.5551688633859158,1.5550041198730469,9.0,,1.8811045493930578,0,13038,1.517078498378396,1.5169358253479004,9.0,
1730260234.548834,hc-sj-ucq,1000,1730259888.439828,4.1262525050100205,0.5,6,500,13373,False,0,x86_64,201,16,1.8628973979502916,0,13373,1.4647227376699448,1.4645791053771973,10.0,,1.8446613121777773,0,13373,1.6307989712804556,1.63065767288208,10.0,
1730260243.891311,hc-sj-ucq,1000,1730259888.439828,4.137274549098197,0.5,6,500,13717,False,0,x86_64,214,17,1.8970593586564064,0,13717,1.6552161667495966,1.6550686359405518,11.0,,1.9493846129626036,0,13717,1.5521115455776453,1.5519564151763916,11.0,
1730260253.570193,hc-sj-ucq,1000,1730259888.439828,4.148296593186373,0.5,6,500,14070,False,0,x86_64,224,18,1.9341655522584915,0,14070,1.6273964308202267,1.6272399425506592,11.0,,2.007959295064211,0,14070,2.0458461195230484,2.045686721801758,11.0,
1730260263.728285,hc-sj-ucq,1000,1730259888.439828,4.159318637274549,0.5,6,500,14431,False,0,x86_64,236,19,2.0263782553374767,0,14431,2.0937917083501816,2.0936520099639893,12.0,,2.0681812819093466,0,14431,1.576261006295681,1.5761194229125977,12.0,
1730260274.232198,hc-sj-ucq,1000,1730259888.439828,4.170340681362726,0.5,6,500,14802,False,0,x86_64,247,20,2.0912917274981737,0,14802,1.572736281901598,1.5725984573364258,13.0,,2.010711742565036,0,14802,1.6143427100032568,1.6142010688781738,13.0,
1730260284.218235,hc-sj-ucq,1000,1730259888.439828,4.181362725450902,0.5,6,500,15183,False,0,x86_64,254,21,2.07451987080276,0,15183,1.7341798394918442,1.7340309619903564,13.0,,2.1310741882771254,0,15183,2.2366445623338223,2.236504316329956,13.0,
1730260295.166203,hc-sj-ucq,1000,1730259888.439828,4.192384769539078,0.5,6,500,15573,False,0,x86_64,263,22,2.118442766368389,0,15573,1.7046897951513529,1.7045466899871826,14.0,,2.2128073312342167,0,15573,1.7152229361236095,1.7150812149047852,14.0,
1730260305.937284,hc-sj-ucq,1000,1730259888.439828,4.203406813627255,0.5,6,500,15973,False,0,x86_64,281,23,2.2551637925207615,0,15973,2.4298395551741123,2.4296910762786865,14.0,,2.236045753583312,0,15973,1.8006463684141636,1.8005008697509766,14.0,
1730260317.555827,hc-sj-ucq,1000,1730259888.439828,4.214428857715431,0.5,6,500,16384,False,0,x86_64,294,24,2.255107881501317,0,16384,2.4082647878676653,2.4081268310546875,13.0,,2.294202409684658,0,16384,1.8078219033777714,1.80767822265625,13.0,
1730260329.271277,hc-sj-ucq,1000,1730259888.439828,4.225450901803607,0.5,6,500,16805,False,0,x86_64,312,26,2.3375926967710257,0,16805,2.0324263125658035,2.0322840213775635,16.0,,2.270890351384878,0,16805,1.7546981275081635,1.7545557022094727,16.0,
1730260340.548821,hc-sj-ucq,1000,1730259888.439828,4.236472945891784,0.5,6,500,17237,False,0,x86_64,325,27,2.337945055216551,0,17237,2.8453644532710314,2.845221757888794,17.0,,2.5103868190199137,0,17237,1.7711765747517347,1.7710192203521729,17.0,
1730260353.190869,hc-sj-ucq,1000,1730259888.439828,4.247494989979961,0.5,6,500,17680,False,0,x86_64,336,28,2.4187156446278095,0,17680,2.115613464266062,2.1154470443725586,18.0,,2.5613161101937294,0,17680,2.014967441558838,2.0148212909698486,18.0,
1730260365.59711,hc-sj-ucq,1000,1730259888.439828,4.258517034068136,0.5,6,500,18134,False,0,x86_64,353,29,2.494478929787874,0,18134,2.391457276418805,2.3913161754608154,19.0,,2.5889498200267553,0,18134,1.9868191219866276,1.986680030822754,19.0,
1730260378.368363,hc-sj-ucq,1000,1730259888.439828,4.269539078156313,0.5,6,500,18601,False,0,x86_64,365,30,2.537784930318594,0,18601,2.106616696342826,2.1064703464508057,20.0,,2.6134372279047966,0,18601,1.9656881000846624,1.9655427932739258,20.0,
1730260390.868637,hc-sj-ucq,1000,1730259888.439828,4.280561122244489,0.5,6,500,19079,False,0,x86_64,391,31,2.5915840435773134,0,19079,1.910849368199706,1.9106945991516113,21.0,,2.5971164647489786,0,19079,2.19941577129066,2.1992626190185547,21.0,
1730260403.35253,hc-sj-ucq,1000,1730259888.439828,4.291583166332666,0.5,6,500,19569,False,0,x86_64,406,33,2.66502776555717,0,19569,2.393960116431117,2.3938071727752686,23.0,,2.6542008128017187,0,19569,2.0150595903396606,2.0149171352386475,23.0,
1730260416.647688,hc-sj-ucq,1000,1730259888.439828,4.302605210420841,0.5,6,500,20072,False,0,x86_64,435,34,2.767039706930518,0,20072,2.423231577500701,2.4230856895446777,23.0,,2.8055867291986942,0,20072,2.1941927261650562,2.1940524578094482,23.0,
1730260430.219235,hc-sj-ucq,1000,1730259888.439828,4.313627254509019,0.5,6,500,20588,False,0,x86_64,451,35,2.805009687319398,0,20588,2.3739759400486946,2.373833417892456,24.0,,2.8222527764737606,0,20588,2.235525656491518,2.235379219055176,24.0,
1730260444.004382,hc-sj-ucq,1000,1730259888.439828,4.324649298597194,0.5,6,500,21117,False,0,x86_64,477,37,2.895459959283471,0,21117,2.54797026142478,2.547822952270508,27.0,,2.9388346895575523,0,21117,2.316955391317606,2.31681489944458,27.0,
1730260458.279386,hc-sj-ucq,1000,1730259888.439828,4.335671342685371,0.5,6,500,21660,False,0,x86_64,500,38,3.0611547101289034,0,21660,2.6277280896902084,2.6275830268859863,28.0,,3.087712401524186,0,21660,2.517364088445902,2.517221212387085,28.0,
1730260473.659679,hc-sj-ucq,1000,1730259888.439828,4.346693386773547,0.5,6,500,22217,False,0,x86_64,525,40,3.0514040999114513,0,22217,2.450544886291027,2.450409173965454,30.0,,3.114533271640539,0,22217,2.742082182317972,2.741934061050415,30.0,
1730260488.933275,hc-sj-ucq,1000,1730259888.439828,4.357715430861724,0.5,6,500,22788,False,0,x86_64,547,41,3.1237776651978493,0,22788,2.8822688180953264,2.8821210861206055,31.0,,3.17520815692842,0,22788,3.5404823534190655,3.5403358936309814,31.0,
1730260506.196735,hc-sj-ucq,1000,1730259888.439828,4.3687374749499,0.5,6,500,23374,False,0,x86_64,586,43,3.3117162343114614,0,23374,2.812251364812255,2.8121066093444824,32.0,,3.2787661906331778,0,23374,2.4932996556162834,2.4931535720825195,32.0,
1730260522.518197,hc-sj-ucq,1000,1730259888.439828,4.3797595190380765,0.5,6,500,23975,False,0,x86_64,610,44,3.2746005561202765,0,23975,3.7431511022150517,3.743006467819214,33.0,,3.3007534202188253,0,23975,2.881624234840274,2.881483793258667,33.0,
1730260540.153111,hc-sj-ucq,1000,1730259888.439828,4.390781563126253,0.5,6,500,24591,False,0,x86_64,640,46,3.3739775083959103,0,24591,2.8191832322627306,2.8190364837646484,35.0,,3.4864322151988745,0,24591,3.2179145216941833,3.2177727222442627,35.0,
1730260557.71498,hc-sj-ucq,1000,1730259888.439828,4.401803607214429,0.5,6,500,25223,False,0,x86_64,685,48,3.4485452473163605,0,25223,4.339245846495032,4.339096784591675,36.0,,3.462897887453437,0,25223,2.7519888393580914,2.7518465518951416,36.0,
1730260576.407991,hc-sj-ucq,1000,1730259888.439828,4.412825651302605,0.5,6,500,25871,False,0,x86_64,715,49,3.57279846817255,0,25871,3.4080463349819183,3.407905101776123,38.0,,3.6722731683403254,0,25871,2.9545811526477337,2.954434871673584,38.0,
1730260594.709066,hc-sj-ucq,1000,1730259888.439828,4.423847695390782,0.5,6,500,26536,False,0,x86_64,751,51,3.6151273995637894,0,26536,3.0961275808513165,3.0959877967834473,41.0,,3.6937814708799124,0,26536,3.3316595684736967,3.3315188884735107,41.0,
1730260613.129383,hc-sj-ucq,1000,1730259888.439828,4.434869739478958,0.5,6,500,27218,False,0,x86_64,786,53,3.7513901870697737,0,27218,3.003081724047661,3.0029399394989014,44.0,,3.748312661424279,0,27218,2.8561592791229486,2.856013298034668,44.0,
1730260631.189137,hc-sj-ucq,1000,1730259888.439828,4.445891783567134,0.5,6,500,27918,False,0,x86_64,825,54,3.7973215505480766,0,27918,2.825125001370907,2.8249752521514893,46.0,,3.8320634458214045,0,27918,3.0584192369133234,3.0582709312438965,46.0,
1730260649.555334,hc-sj-ucq,1000,1730259888.439828,4.456913827655311,0.5,6,500,28636,False,0,x86_64,860,56,3.911438938230276,0,28636,3.4163399916142225,3.4161970615386963,48.0,,3.9369530603289604,0,28636,2.884783986955881,2.884614944458008,48.0,
1730260668.776554,hc-sj-ucq,1000,1730259888.439828,4.467935871743487,0.5,6,500,29372,False,0,x86_64,905,58,3.943909654393792,0,29372,3.2103863898664713,3.21024227142334,50.0,,4.072174858301878,0,29372,3.2447045743465424,3.2445621490478516,50.0,
1730260688.213021,hc-sj-ucq,1000,1730259888.439828,4.478957915831664,0.5,6,500,30127,False,0,x86_64,950,59,4.073006801307201,0,30127,3.3836362585425377,3.383496046066284,52.0,,4.192316431552172,0,30127,3.3975252769887447,3.3973748683929443,52.0,
1730260708.533213,hc-sj-ucq,1000,1730259888.439828,4.48997995991984,0.5,6,500,30901,False,0,x86_64,1012,62,4.2482197023928165,0,30901,3.7315542567521334,3.7314133644104004,56.0,,4.228567227721214,0,30901,3.4171277079731226,3.4169938564300537,56.0,
1730260729.785329,hc-sj-ucq,1000,1730259888.439828,4.501002004008016,0.5,6,500,31695,False,0,x86_64,1070,63,4.311998330056667,0,31695,3.6612525153905153,3.6611099243164062,56.0,,4.417798576876521,0,31695,3.599028130993247,3.5988800525665283,56.0,
1730260751.567978,hc-sj-ucq,1000,1730259888.439828,4.512024048096192,0.5,6,500,32510,False,0,x86_64,1138,66,4.503186043351889,0,32509,4.087833588942885,4.087684631347656,59.0,,4.459593554958701,0,32509,3.7577880639582872,3.7576510906219482,59.0,
1730260774.198993,hc-sj-ucq,1000,1730259888.439828,4.523046092184369,0.5,6,500,33346,False,0,x86_64,1192,67,4.552613493055105,0,33345,3.945180607959628,3.945035696029663,61.0,,4.637437980622053,0,33345,4.771219560876489,4.771057844161987,61.0,
1730260798.123201,hc-sj-ucq,1000,1730259888.439828,4.534068136272546,0.5,6,500,34203,False,0,x86_64,1246,68,4.6882591638714075,0,34202,4.085756670683622,4.0856170654296875,62.0,,4.7267473842948675,0,34202,3.7797843292355537,3.77964186668396,62.0,
1730260821.603029,hc-sj-ucq,1000,1730259888.439828,4.545090180360722,0.5,6,500,35082,False,0,x86_64,1315,70,4.791526325047016,0,35081,4.375388633459806,4.375247001647949,64.0,,4.848655093461275,0,35081,3.837768556550145,3.8376238346099854,64.0,
1730260845.786151,hc-sj-ucq,1000,1730259888.439828,4.556112224448898,0.5,6,500,35984,False,0,x86_64,1386,72,5.11611732840538,0,35983,4.299648953601718,4.299505949020386,67.0,,5.021588867530227,0,35983,4.468975825235248,4.468832492828369,67.0,
1730260871.282655,hc-sj-ucq,1000,1730259888.439828,4.567134268537075,0.5,6,500,36909,False,0,x86_64,1441,74,5.027085227891803,0,36908,4.342244053259492,4.342098712921143,69.0,,5.085840601474047,0,36908,4.502241073176265,4.502099275588989,69.0,
1730260897.014715,hc-sj-ucq,1000,1730259888.439828,4.578156312625251,0.5,6,500,37857,False,0,x86_64,1528,76,5.245839312672615,0,37855,4.666847104206681,4.666704177856445,70.0,,5.247584855183959,0,37855,4.1246345937252045,4.124486207962036,70.0,
1730260923.225049,hc-sj-ucq,1000,1730259888.439828,4.589178356713427,0.5,6,500,38830,False,0,x86_64,1606,77,5.409882809966803,0,38828,4.6180994641035795,4.617959260940552,71.0,,5.477197300642729,0,38828,4.479899410158396,4.479753017425537,71.0,
1730260950.20266,hc-sj-ucq,1000,1730259888.439828,4.6002004008016035,0.5,6,500,39829,False,0,x86_64,1682,79,5.4208692871034145,0,39827,5.09828832373023,5.098142623901367,74.0,,5.638924088329077,0,39827,4.428979404270649,4.428837537765503,74.0,
1730260978.059821,hc-sj-ucq,1000,1730259888.439828,4.61122244488978,0.5,6,500,40852,False,0,x86_64,1773,80,5.802215399220586,0,40850,5.359793476760387,5.359645366668701,75.0,,5.642858801409602,0,40850,4.9622180089354515,4.962074518203735,75.0,
1730261007.338199,hc-sj-ucq,1000,1730259888.439828,4.622244488977956,0.5,6,500,41902,False,0,x86_64,1863,82,5.739874519407749,0,41900,4.9841646030545235,4.984024524688721,77.0,,5.835525412112474,0,41900,4.859874369576573,4.859737873077393,77.0,
1730261036.233351,hc-sj-ucq,1000,1730259888.439828,4.6332665330661325,0.5,6,500,42980,False,0,x86_64,1955,83,5.954323805868626,0,42978,4.730144903063774,4.7300050258636475,78.0,,5.959656843915582,0,42978,5.245515922084451,5.245368003845215,78.0,
1730261065.890832,hc-sj-ucq,1000,1730259888.439828,4.644288577154309,0.5,6,500,44084,False,0,x86_64,2060,84,6.119619719684124,0,44082,5.36625481210649,5.3661088943481445,81.0,,6.157402258366346,0,44082,5.0731255523860455,5.07298731803894,81.0,
1730261096.382349,hc-sj-ucq,1000,1730259888.439828,4.655310621242485,0.5,6,500,45217,False,0,x86_64,2168,85,6.307045690715313,0,45215,5.405008815228939,5.4048662185668945,82.0,,6.455186560750008,0,45215,5.2591714430600405,5.259021997451782,82.0,
1730261127.866265,hc-sj-ucq,1000,1730259888.439828,4.666332665330661,0.5,6,500,46380,False,0,x86_64,2277,87,6.540300279855728,0,46378,5.246427973732352,5.246284484863281,84.0,,6.499071689322591,0,46378,5.310734681785107,5.310590505599976,84.0,
1730261159.950745,hc-sj-ucq,1000,1730259888.439828,4.677354709418838,0.5,6,500,47572,False,0,x86_64,2383,88,6.591980040073395,0,47570,5.879067745059729,5.878936529159546,86.0,,6.6732782032340765,0,47570,5.258167248219252,5.258021116256714,86.0,
1730261192.824584,hc-sj-ucq,1000,1730259888.439828,4.688376753507014,0.5,6,500,48795,False,0,x86_64,2501,89,6.838139284402132,0,48793,6.041459424421191,6.041318893432617,87.0,,6.854786919429898,0,48793,6.142996085807681,6.14285683631897,87.0,
1730261227.335408,hc-sj-ucq,1000,1730259888.439828,4.69939879759519,0.5,6,500,50049,False,0,x86_64,2636,90,7.006728131324053,0,50047,5.758933370932937,5.758784532546997,88.0,,7.114338301122189,0,50047,6.101918946951628,6.101778030395508,88.0,
1730261262.525014,hc-sj-ucq,1000,1730259888.439828,4.710420841683367,0.5,6,500,51335,False,0,x86_64,2777,91,7.237687360495329,0,51333,6.344737837091088,6.344586610794067,90.0,,7.293833984062076,0,51333,5.964528353884816,5.964382648468018,90.0,
1730261298.731603,hc-sj-ucq,1000,1730259888.439828,4.721442885771543,0.5,6,500,52655,False,0,x86_64,2932,92,7.259588090702891,0,52653,6.412090031430125,6.411938190460205,92.0,,7.317541474476457,0,52653,7.112224092707038,7.112077474594116,92.0,
1730261336.177399,hc-sj-ucq,1000,1730259888.439828,4.73246492985972,0.5,6,500,54008,False,0,x86_64,3076,93,7.624749260023236,0,54006,6.604424754157662,6.604277610778809,93.0,,7.543410083279014,0,54006,6.6668543722480536,6.666696548461914,93.0,
1730261374.390209,hc-sj-ucq,1000,1730259888.439828,4.743486973947896,0.5,6,500,55397,False,0,x86_64,3225,94,7.741864189505577,0,55395,7.250161672011018,7.250016450881958,94.0,,7.745655668899417,0,55395,6.626576816663146,6.626275062561035,94.0,
1730261413.604223,hc-sj-ucq,1000,1730259888.439828,4.754509018036073,0.5,6,500,56821,False,0,x86_64,3379,95,7.936073651537299,0,56819,6.801401840522885,6.801266193389893,95.0,,7.961656676605344,0,56819,6.539877479895949,6.539738655090332,95.0,
1730261452.992693,hc-sj-ucq,1000,1730259888.439828,4.765531062124249,0.5,6,500,58281,False,0,x86_64,3543,96,8.108110113069415,0,58279,7.131762981414795,7.131613731384277,96.0,,8.203416613861918,0,58279,6.97730821184814,6.977148771286011,96.0,
1730261493.923189,hc-sj-ucq,1000,1730259888.439828,4.776553106212425,0.5,6,500,59779,False,0,x86_64,3707,96,8.322339279577136,0,59777,7.470912367105484,7.470768928527832,96.0,,8.450799204409122,0,59777,7.3722485695034266,7.372087240219116,96.0,
1730261536.479241,hc-sj-ucq,1000,1730259888.439828,4.787575150300602,0.5,6,500,61316,False,0,x86_64,3892,96,8.541710380464792,0,61314,7.550580283626914,7.550449848175049,96.0,,8.717584731057286,0,61314,8.010391272604465,8.01023268699646,96.0,
1730261580.48863,hc-sj-ucq,1000,1730259888.439828,4.798597194388778,0.5,6,500,62892,False,0,x86_64,4096,97,8.979918356984854,0,62889,7.6549752447754145,7.654841661453247,97.0,,8.790133295580745,0,62889,7.857048189267516,7.856899261474609,97.0,
1730261624.986655,hc-sj-ucq,1000,1730259888.439828,4.809619238476954,0.5,6,500,64508,False,0,x86_64,4275,97,8.98593570291996,0,64504,8.080555249005556,8.080396890640259,97.0,,9.096180150285363,0,64504,7.954510470852256,7.954362869262695,97.0,
1730261670.751801,hc-sj-ucq,1000,1730259888.439828,4.820641282565131,0.5,6,500,66166,False,0,x86_64,4513,98,9.314134426414967,0,66162,8.164546567946672,8.164406299591064,98.0,,9.459054557606578,0,66162,8.240687746554613,8.24053692817688,98.0,
1730261717.872948,hc-sj-ucq,1000,1730259888.439828,4.831663326653307,0.5,6,500,67867,False,0,x86_64,4736,98,9.485019441694021,0,67863,8.43060738965869,8.430470943450928,98.0,,9.495612075552344,0,67863,8.2430914118886,8.242938995361328,98.0,
1730261765.673613,hc-sj-ucq,1000,1730259888.439828,4.842685370741483,0.5,6,500,69612,False,0,x86_64,4977,98,9.905089672654867,0,69608,8.795179728418589,8.795052528381348,98.0,,9.78577097505331,0,69608,9.23883417993784,9.238691806793213,98.0,
1730261815.993111,hc-sj-ucq,1000,1730259888.439828,4.8537074148296595,0.5,6,500,71401,False,0,x86_64,5231,99,10.022127816453576,0,71397,9.393325632438064,9.393172979354858,99.0,,10.116997240111232,0,71397,8.994215358048677,8.994067907333374,99.0,
1730261867.561925,hc-sj-ucq,1000,1730259888.439828,4.864729458917836,0.5,6,500,73236,False,0,x86_64,5487,99,10.27368913218379,0,73232,8.981802850961685,8.981664657592773,111.0,,10.322284575551748,0,73232,7.947704270482063,7.947565078735352,111.0,
1730261918.215616,hc-sj-ucq,1000,1730259888.439828,4.875751503006012,0.5,6,500,75119,False,0,x86_64,5789,99,10.70268427580595,0,75115,8.151355208829045,8.1512131690979,119.0,,10.724602172151208,0,75115,8.757501488551497,8.757353782653809,119.0,
1730261969.663452,hc-sj-ucq,1000,1730259888.439828,4.886773547094188,0.5,6,500,77050,False,0,x86_64,6094,99,11.031767362728715,0,77046,9.023632051423192,9.023484468460083,125.0,,11.601939879357815,0,77046,9.527688203379512,9.527552366256714,125.0,
1730262024.53931,hc-sj-ucq,1000,1730259888.439828,4.897795591182365,0.5,6,500,79030,False,0,x86_64,6409,99,12.062052076682448,0,79026,10.034770227968693,10.034640312194824,128.0,,11.328885765746236,0,79026,9.813939532265067,9.81379771232605,128.0,
1730262082.101081,hc-sj-ucq,1000,1730259888.439828,4.908817635270541,0.5,6,500,81062,False,0,x86_64,6768,99,11.669830234721303,0,81058,10.232545332983136,10.232415914535522,128.0,,11.444620948284864,0,81058,9.542613292112947,9.542465925216675,128.0,
1730262139.562434,hc-sj-ucq,1000,1730259888.439828,4.919839679358717,0.5,6,500,83145,False,0,x86_64,7106,99,11.823770510032773,0,83141,10.794114883989096,10.793976068496704,125.0,,12.019387934356928,0,83141,9.698513302952051,9.698373317718506,125.0,
1730262199.0157,hc-sj-ucq,1000,1730259888.439828,4.930861723446894,0.5,6,500,85282,False,0,x86_64,7504,99,12.139475133270025,0,85278,11.254684822633862,11.25454306602478,122.0,,12.1952552665025,0,85278,10.753198340535164,10.75305438041687,122.0,
1730262260.634651,hc-sj-ucq,1000,1730259888.439828,4.94188376753507,0.5,6,500,87474,False,0,x86_64,7881,100,12.354912780225277,0,87469,11.572942346334457,11.572679042816162,123.0,,12.619022101163864,0,87469,11.021971175447106,11.021821975708008,123.0,
1730262324.232894,hc-sj-ucq,1000,1730259888.439828,4.952905811623247,0.5,6,500,89723,False,0,x86_64,8281,100,12.737609645351768,0,89717,11.78342073597014,11.7832772731781,122.0,,13.044338932260871,0,89717,11.149047186598182,11.148903608322144,122.0,
1730262389.512411,hc-sj-ucq,1000,1730259888.439828,4.9639278557114235,0.5,6,500,92029,False,0,x86_64,8700,100,13.320338541641831,0,92022,12.101955773308873,12.101808309555054,123.0,,13.243034020066261,0,92022,12.223873514682055,12.223728656768799,123.0,
1730262456.95487,hc-sj-ucq,1000,1730259888.439828,4.9749498997996,0.5,6,500,94395,False,0,x86_64,9159,100,13.55215460434556,0,94388,12.258954690769315,12.258816480636597,129.0,,13.57188786007464,0,94388,11.238937921822071,11.23878026008606,129.0,
1730262524.661812,hc-sj-ucq,1000,1730259888.439828,4.985971943887776,0.5,6,500,96821,False,0,x86_64,9650,100,14.051918195560575,0,96814,12.903126051649451,12.902976751327515,131.0,,14.05630174279213,0,96814,11.775773700326681,11.77563214302063,131.0,
1730262595.241893,hc-sj-ucq,1000,1730259888.439828,4.996993987975952,0.5,6,500,99310,False,0,x86_64,10177,100,14.483697423711419,0,99303,13.197456998750567,13.197312593460083,130.0,,14.694248232990503,0,99303,12.285771008580923,12.285629272460938,130.0,
1730262667.765897,hc-sj-ucq,1000,1730259888.439828,5.008016032064129,0.5,6,500,101862,False,0,x86_64,10697,100,14.887392934411764,0,101855,13.315960083156824,13.315784692764282,122.0,,14.82947283796966,0,101855,12.683781407773495,12.683632373809814,122.0,
1730262741.858364,hc-sj-ucq,1000,1730259888.439828,5.019038076152305,0.5,6,500,104481,False,0,x86_64,11272,100,15.144631499424577,0,104474,14.055677773430943,14.055538415908813,120.0,,15.198428926989436,0,104474,12.785760171711445,12.785612106323242,120.0,
1730262818.067088,hc-sj-ucq,1000,1730259888.439828,5.030060120240481,0.5,6,500,107166,False,0,x86_64,11852,100,15.690499875694513,0,107159,13.364529399201274,13.36438274383545,118.0,,15.797120295464993,0,107159,13.499845422804356,13.49970293045044,118.0,
1730262895.917045,hc-sj-ucq,1000,1730259888.439828,5.041082164328658,0.5,6,500,109921,False,0,x86_64,12491,100,16.00503145158291,0,109914,14.924229273572564,14.924090385437012,112.0,,16.083127608522773,0,109914,13.75019147247076,13.750022888183594,112.0,
1730262977.010782,hc-sj-ucq,1000,1730259888.439828,5.052104208416834,0.5,6,500,112746,False,0,x86_64,13145,100,16.33106672950089,0,112738,14.720582151785493,14.72042989730835,108.0,,16.72720123641193,0,112738,14.513635853305459,14.51349139213562,108.0,
1730263060.241784,hc-sj-ucq,1000,1730259888.439828,5.06312625250501,0.5,6,500,115644,False,0,x86_64,13850,100,17.06359608657658,0,115635,16.336345959454775,16.33620285987854,107.0,,17.06243340112269,0,115635,15.412806579843163,15.412665367126465,107.0,
1730263147.445141,hc-sj-ucq,1000,1730259888.439828,5.074148296593187,0.5,6,500,118617,False,0,x86_64,14580,100,17.60289287380874,0,118608,16.466499423608184,16.46635389328003,103.0,,17.750981114804745,0,118608,16.184832295402884,16.18468403816223,103.0,
1730263237.85319,hc-sj-ucq,1000,1730259888.439828,5.085170340681363,0.5,6,500,121666,False,0,x86_64,15347,100,18.10638228803873,0,121657,16.979992371052504,16.979851722717285,101.0,,18.081195326521993,0,121657,16.075536005198956,16.07539987564087,101.0,
1730263329.905999,hc-sj-ucq,1000,1730259888.439828,5.096192384769539,0.5,6,500,124793,False,0,x86_64,16118,100,18.42194098420441,0,124784,17.44130682013929,17.441165447235107,100.0,,18.473002545535564,0,124784,15.936035387217999,15.9358971118927,100.0,
1730263423.365168,hc-sj-ucq,1000,1730259888.439828,5.1072144288577155,0.5,6,500,128001,False,0,x86_64,16959,100,19.053009197115898,0,127992,16.73378175869584,16.73362946510315,100.0,,19.137250615283847,0,127992,15.641518885269761,15.64137864112854,100.0,
1730263517.508789,hc-sj-ucq,1000,1730259888.439828,5.118236472945892,0.5,6,500,131291,False,0,x86_64,17826,100,19.567951856181026,0,131282,16.673592125996947,16.67334246635437,100.0,,19.657029481604695,0,131282,16.51986769400537,16.519731521606445,100.0,
1730263613.914954,hc-sj-ucq,1000,1730259888.439828,5.129258517034068,0.5,6,500,134666,False,0,x86_64,18716,100,20.280333818867803,0,134657,17.201402503997087,17.201265335083008,100.0,,20.315362630411983,0,134657,16.70477407053113,16.70463514328003,100.0,
1730263713.044194,hc-sj-ucq,1000,1730259888.439828,5.140280561122244,0.5,6,500,138127,False,0,x86_64,19672,100,20.805486399680376,0,138118,18.227210011333227,18.226962327957153,100.0,,20.985940830782056,0,138118,17.888705799356103,17.888572931289673,100.0,
1730263815.737832,hc-sj-ucq,1000,1730259888.439828,5.151302605210421,0.5,6,500,141678,False,0,x86_64,20721,100,21.212646609172225,0,141669,18.26139851473272,18.261264324188232,100.0,,21.640248818323016,0,141669,17.978430692106485,17.97826647758484,100.0,
1730263921.379061,hc-sj-ucq,1000,1730259888.439828,5.162324649298597,0.5,6,500,145319,False,0,x86_64,21771,100,22.210907896980643,0,145310,19.95389710739255,19.95375084877014,100.0,,21.789476819336414,0,145310,19.53589192032814,19.5357506275177,100.0,
1730264031.471243,hc-sj-ucq,1000,1730259888.439828,5.173346693386774,0.5,6,500,149055,False,0,x86_64,22852,100,22.52767276391387,0,149044,20.911890860646963,20.911747932434082,100.0,,22.649557024240494,0,149044,20.487379983067513,20.487229824066162,100.0,
1730264145.49237,hc-sj-ucq,1000,1730259888.439828,5.1843687374749505,0.5,6,500,152886,False,0,x86_64,24004,100,23.178343039005995,0,152875,21.56319877691567,21.563025951385498,100.0,,23.229498509317636,0,152875,20.467897878959775,20.467761993408203,100.0,
1730264262.347904,hc-sj-ucq,1000,1730259888.439828,5.195390781563127,0.5,6,500,156816,False,0,x86_64,25247,100,24.01588450372219,0,156805,22.23681197874248,22.236670970916748,100.0,,23.80489724315703,0,156805,21.181325847283006,21.18117904663086,100.0,
1730264383.407667,hc-sj-ucq,1000,1730259888.439828,5.206412825651303,0.5,6,500,160846,False,0,x86_64,26498,100,24.640915758907795,0,160835,22.5054838526994,22.505338191986084,100.0,,24.72243252582848,0,160835,23.090960843488574,23.090813398361206,100.0,
1730264509.197085,hc-sj-ucq,1000,1730259888.439828,5.2174348697394795,0.5,6,500,164981,False,0,x86_64,27791,100,25.291429864242673,0,164969,23.67895252816379,23.67881155014038,100.0,,25.234328305348754,0,164969,23.022335140034556,23.02217984199524,100.0,
1730264638.461092,hc-sj-ucq,1000,1730259888.439828,5.228456913827656,0.5,6,500,169222,False,0,x86_64,29241,100,26.083545345813036,0,169209,24.19615683145821,24.195992469787598,100.0,,26.12657350488007,0,169209,23.778608916327357,23.778449296951294,100.0,
1730264771.612266,hc-sj-ucq,1000,1730259888.439828,5.239478957915832,0.5,6,500,173571,False,0,x86_64,30729,100,26.86786027997732,0,173555,24.75131121650338,24.751163005828857,100.0,,26.97037321701646,0,173555,25.283363293856382,25.283211708068848,100.0,
1730264908.667881,hc-sj-ucq,1000,1730259888.439828,5.250501002004008,0.5,6,500,178033,False,0,x86_64,32361,100,27.56072924658656,0,178015,25.642607046291232,25.64245629310608,100.0,,27.939310995861888,0,178015,26.542171029374003,26.54202127456665,100.0,
1730265050.370043,hc-sj-ucq,1000,1730259888.439828,5.261523046092185,0.5,6,500,182609,False,0,x86_64,34015,100,28.35985129699111,0,182590,26.200917763635516,26.20076584815979,100.0,,28.58354090899229,0,182590,27.15826096571982,27.1581072807312,100.0,
1730265195.889799,hc-sj-ucq,1000,1730259888.439828,5.272545090180361,0.5,6,500,187303,False,0,x86_64,35791,100,29.18419992364943,0,187283,27.21390599757433,27.21374535560608,100.0,,26.43630562350154,0,187283,23.66175663471222,23.661614656448364,100.0,
1730265337.048363,hc-sj-ucq,1000,1730259888.439828,5.283567134268537,0.5,6,500,192117,False,0,x86_64,37688,100,27.708600755780935,0,192097,24.29793942719698,24.297807455062866,100.0,,27.268999306485057,0,192097,25.722885048016906,25.72273874282837,100.0,
1730265475.191144,hc-sj-ucq,1000,1730259888.439828,5.294589178356714,0.5,6,500,197055,False,0,x86_64,39596,100,28.00143834017217,0,197035,25.1239748634398,25.12384009361267,100.0,,28.39012163504958,0,197035,26.003462554886937,26.00333547592163,100.0,
1730265617.713895,hc-sj-ucq,1000,1730259888.439828,5.30561122244489,0.5,6,500,202120,False,0,x86_64,41559,100,29.550568712875247,0,202099,24.417415710166097,24.417288541793823,100.0,,29.543663196265697,0,202099,26.6161890309304,26.61606001853943,100.0,
1730265762.613685,hc-sj-ucq,1000,1730259888.439828,5.316633266533066,0.5,6,500,207316,False,0,x86_64,43651,100,29.65919004380703,0,207293,27.407527221366763,27.40738868713379,100.0,,30.08354809321463,0,207293,27.725883908569813,27.725715398788452,100.0,
1730265914.092759,hc-sj-ucq,1000,1730259888.439828,5.3276553106212425,0.5,6,500,212645,False,0,x86_64,45880,100,31.029366083443165,0,212622,26.456302884966135,26.456172227859497,100.0,,30.998694330453873,0,212622,28.414177358150482,28.414047718048096,100.0,
1730266068.059997,hc-sj-ucq,1000,1730259888.439828,5.338677354709419,0.5,6,500,218110,False,0,x86_64,48268,100,34.50054366700351,0,218084,30.803763838484883,30.803611516952515,100.0,,35.11953405290842,0,218084,31.720450388267636,31.72030472755432,100.0,
1730266242.354741,hc-sj-ucq,1000,1730259888.439828,5.349699398797595,0.5,6,500,223717,False,0,x86_64,50752,100,35.416404224932194,0,223690,31.35551656037569,31.355365991592407,100.0,,35.77209868095815,0,223690,31.0768136754632,31.076669454574585,100.0,
1730266418.910541,hc-sj-ucq,1000,1730259888.439828,5.3607214428857715,0.5,6,500,229467,False,0,x86_64,53390,100,36.75712546892464,0,229439,31.38581414334476,31.385674476623535,100.0,,37.20406054146588,0,229439,33.02368192374706,33.02353549003601,100.0,
1730266601.772055,hc-sj-ucq,1000,1730259888.439828,5.371743486973948,0.5,6,500,235365,False,0,x86_64,56139,100,38.075207747519016,0,235337,33.74694481678307,33.74680209159851,100.0,,37.62688507325947,0,235337,34.31078643724322,34.31063890457153,100.0,
1730266790.859095,hc-sj-ucq,1000,1730259888.439828,5.382765531062124,0.5,6,500,241415,False,0,x86_64,59047,100,39.00472563691437,0,241385,34.91926395893097,34.91909670829773,100.0,,39.20330834016204,0,241385,35.69899996370077,35.69874429702759,100.0,
1730266985.914648,hc-sj-ucq,1000,1730259888.439828,5.393787575150301,0.5,6,500,247621,False,0,x86_64,62068,100,40.19614745117724,0,247591,34.77447447180748,34.77433466911316,100.0,,40.36586135625839,0,247591,34.90294303558767,34.90280079841614,100.0,
1730267184.415349,hc-sj-ucq,1000,1730259888.439828,5.404809619238478,0.5,6,500,253985,False,0,x86_64,65267,100,41.74992013908923,0,253954,35.67606773599982,35.67588186264038,100.0,,41.6428017038852,0,253954,37.135478446260095,37.13533067703247,100.0,
1730267390.130674,hc-sj-ucq,1000,1730259888.439828,5.415831663326654,0.5,6,500,260514,False,0,x86_64,68610,100,43.069500321522355,0,260481,38.085415625944734,38.08527183532715,100.0,,43.08607756905258,0,260481,38.77708659693599,38.77694392204285,100.0,
1730267603.808108,hc-sj-ucq,1000,1730259888.439828,5.42685370741483,0.5,6,500,267210,False,0,x86_64,72185,100,44.37837312556803,0,267175,38.421040596440434,38.42090106010437,100.0,,44.34184535034001,0,267175,40.48116191662848,40.48101043701172,100.0,
1730267824.415117,hc-sj-ucq,1000,1730259888.439828,5.4378757515030065,0.5,6,500,274078,False,0,x86_64,75940,100,45.5935669336468,0,274039,39.89798672311008,39.897841453552246,100.0,,45.52527901530266,0,274039,42.89474197290838,42.89460349082947,100.0,
1730268052.630603,hc-sj-ucq,1000,1730259888.439828,5.448897795591183,0.5,6,500,281123,False,0,x86_64,79903,100,46.670947855338454,0,281082,41.825939387083054,41.82580280303955,100.0,,46.54454632103443,0,281082,44.1710285525769,44.17085266113281,100.0,
1730268288.055577,hc-sj-ucq,1000,1730259888.439828,5.459919839679359,0.5,6,500,288349,False,0,x86_64,84081,100,48.41542641073465,0,288306,44.10808411799371,44.10793352127075,100.0,,48.36265954002738,0,288306,45.78589673899114,45.785754442214966,100.0,
1730268532.629192,hc-sj-ucq,1000,1730259888.439828,5.470941883767535,0.5,6,500,295761,False,0,x86_64,88379,100,49.924648551270366,0,295714,45.275543827563524,45.27527594566345,100.0,,49.89254540391266,0,295714,47.89079584181309,47.89062285423279,100.0,
1730268784.980846,hc-sj-ucq,1000,1730259888.439828,5.481963927855712,0.5,6,500,303363,False,0,x86_64,92914,100,51.049913784489036,0,303314,46.055312126874924,46.055171489715576,100.0,,51.64287774451077,0,303314,49.80829865857959,49.8081488609314,100.0,
1730269044.238446,hc-sj-ucq,1000,1730259888.439828,5.492985971943888,0.5,6,500,311161,False,0,x86_64,97600,100,53.10996927507222,0,311110,48.774748008698225,48.77459645271301,100.0,,52.884851874783635,0,311110,52.2049178276211,52.20476579666138,100.0,
1730269314.546475,hc-sj-ucq,1000,1730259888.439828,5.504008016032064,0.5,6,500,319159,False,0,x86_64,102617,100,54.16130025498569,0,319104,51.55646483786404,51.55631184577942,100.0,,54.743088744580746,0,319104,53.04969078116119,53.04954171180725,100.0,
1730269594.11286,hc-sj-ucq,1000,1730259888.439828,5.515030060120241,0.5,6,500,327363,False,0,x86_64,107898,100,56.424415839836,0,327306,53.109361017122865,53.10920453071594,100.0,,56.90477745980024,0,327306,55.94535274989903,55.94517755508423,100.0,
1730269884.888086,hc-sj-ucq,1000,1730259888.439828,5.526052104208417,0.5,6,500,335777,False,0,x86_64,113536,100,58.47780946828425,0,335713,55.66049962490797,55.660358905792236,100.0,,57.856279611587524,0,335713,58.67913414910436,58.678977727890015,100.0,
1730270185.866931,hc-sj-ucq,1000,1730259888.439828,5.537074148296593,0.5,6,500,344408,False,0,x86_64,119416,100,59.59263746626675,0,344341,55.0602068901062,55.06005644798279,100.0,,60.139038521796465,0,344341,61.03398081660271,61.03383731842041,100.0,
1730270494.256562,hc-sj-ucq,1000,1730259888.439828,5.54809619238477,0.5,6,500,353261,False,0,x86_64,125620,100,61.61707288958132,0,353194,58.403355952352285,58.40319895744324,100.0,,61.97774160467088,0,353194,63.91177701205015,63.91160798072815,100.0,
1730270814.365564,hc-sj-ucq,1000,1730259888.439828,5.559118236472946,0.5,6,500,362341,False,0,x86_64,132171,100,63.30362300388515,0,362272,60.668181190267205,60.66802191734314,100.0,,63.812756575644016,0,362272,67.45030904747546,67.4501576423645,100.0,
1730271146.342846,hc-sj-ucq,1000,1730259888.439828,5.570140280561122,0.5,6,500,371655,False,0,x86_64,138957,100,65.3902348652482,0,371582,61.83770301565528,61.837560415267944,100.0,,66.16543542034924,0,371582,69.13449276424944,69.13434338569641,100.0,
1730271489.21584,hc-sj-ucq,1000,1730259888.439828,5.5811623246492985,0.5,6,500,381208,False,0,x86_64,146266,100,68.21311021596193,0,381131,61.242382822558284,61.24221682548523,100.0,,67.83716515824199,0,381131,70.92535722069442,70.92519283294678,100.0,
1730271840.13707,hc-sj-ucq,1000,1730259888.439828,5.592184368737475,0.5,6,500,391006,False,0,x86_64,153816,100,70.16609940305352,0,390922,67.39172472059727,67.3915708065033,100.0,,70.9110203627497,0,390922,75.23121591471136,75.23107647895813,100.0,
1730272208.453688,hc-sj-ucq,1000,1730259888.439828,5.603206412825652,0.5,6,500,401057,False,0,x86_64,161888,100,72.06936210021377,0,400969,69.81175415962934,69.81157279014587,100.0,,72.20881387591362,0,400969,78.88495538197458,78.88480567932129,100.0,
1730272588.909614,hc-sj-ucq,1000,1730259888.439828,5.614228456913828,0.5,6,500,411366,False,0,x86_64,170216,100,74.7172492723912,0,411271,74.00594943575561,74.0057942867279,100.0,,75.500781243667,0,411271,81.10010910779238,81.09995913505554,100.0,
1730272986.614015,hc-sj-ucq,1000,1730259888.439828,5.625250501002005,0.5,6,500,421939,False,0,x86_64,179051,100,77.3079108055681,0,421839,75.01116203889251,75.01100897789001,100.0,,76.73133132793009,0,421839,85.34239694848657,85.34222674369812,100.0,
1730273393.549908,hc-sj-ucq,1000,1730259888.439828,5.636272545090181,0.5,6,500,432785,False,0,x86_64,188462,100,79.61325487680733,0,432681,78.49021446146071,78.49002647399902,100.0,,79.50522662326694,0,432681,87.39599065110087,87.39583134651184,100.0,
1730273815.38463,hc-sj-ucq,1000,1730259888.439828,5.647294589178357,0.5,6,500,443909,False,0,x86_64,198253,100,82.23751794174314,0,443797,81.74111690931022,81.7409598827362,100.0,,81.72991674393415,0,443797,92.73567657358944,92.7355227470398,100.0,
1730274252.293014,hc-sj-ucq,1000,1730259888.439828,5.658316633266534,0.5,6,500,455319,False,0,x86_64,208486,100,85.15369175560772,0,455201,82.73064246214926,82.73049521446228,100.0,,85.35748028568923,0,455201,95.644471174106,95.64431834220886,100.0,
1730274704.342207,hc-sj-ucq,1000,1730259888.439828,5.66933867735471,0.5,6,500,467023,False,0,x86_64,219121,100,87.94757178239524,0,466903,86.72841589339077,86.72825407981873,100.0,,87.76131311431527,0,466903,100.63962621614337,100.63946390151978,100.0,
1730275172.507029,hc-sj-ucq,1000,1730259888.439828,5.680360721442886,0.5,6,500,479027,False,0,x86_64,230460,100,91.17636195197701,0,478900,88.68909635953605,88.68894290924072,100.0,,91.04269484058022,0,478900,113.09847957827151,113.09832000732422,100.0,
1730275667.171019,hc-sj-ucq,1000,1730259888.439828,5.6913827655310625,0.5,6,500,491340,False,0,x86_64,242338,100,94.48793514631689,0,491209,93.19377936050296,93.19361758232117,100.0,,94.61352305114269,0,491209,117.41472341306508,117.41455912590027,100.0,
1730276181.221634,hc-sj-ucq,1000,1730259888.439828,5.702404809619239,0.5,6,500,503970,False,0,x86_64,254900,100,97.29936749860644,0,503837,95.59818283841014,95.5980236530304,100.0,,99.7617064025253,0,503837,123.43437592685223,123.43419146537781,100.0,
1730276715.199286,hc-sj-ucq,1000,1730259888.439828,5.713426853707415,0.5,6,500,516924,False,0,x86_64,268207,100,99.54611922241747,0,516784,99.59485440701246,99.59469294548035,100.0,,101.36269092746079,0,516784,110.85079442150891,110.85065364837646,100.0,
1730277246.785877,hc-sj-ucq,1000,1730259888.439828,5.724448897795591,0.5,6,500,530211,False,0,x86_64,282032,100,94.3967294152826,0,530065,88.94081268832088,88.94066858291626,100.0,,95.12458553165197,0,530065,120.52291109226644,120.52267146110535,100.0,
1730277754.126569,hc-sj-ucq,1000,1730259888.439828,5.735470941883768,0.5,6,500,543839,False,0,x86_64,296806,100,96.36423988081515,0,543685,92.63085853122175,92.63069462776184,100.0,,97.39222389087081,0,543685,128.30650815740228,128.30627346038818,100.0,
1730278280.308444,hc-sj-ucq,1000,1730259888.439828,5.746492985971944,0.5,6,500,557818,False,0,x86_64,312306,100,99.91117770411074,0,557661,94.75880565680563,94.75866508483887,100.0,,100.75374569743872,0,557661,107.63284539245069,107.63269329071045,100.0,
1730278799.086035,hc-sj-ucq,1000,1730259888.439828,5.75751503006012,0.5,6,500,572156,False,0,x86_64,328410,100,103.77433669567108,0,571991,100.12142591178417,100.12127423286438,100.0,,103.2643263656646,0,571991,136.8247374203056,136.82459473609924,100.0,
1730279362.334964,hc-sj-ucq,1000,1730259888.439828,5.768537074148297,0.5,6,500,586863,False,0,x86_64,345467,100,106.61572897061706,0,586690,102.89896642230451,102.89879488945007,100.0,,106.89757035113871,0,586690,134.81258717738092,134.81244277954102,100.0,
1730279937.680404,hc-sj-ucq,1000,1730259888.439828,5.779559118236473,0.5,6,500,601948,False,0,x86_64,363535,100,110.97875112481415,0,601766,107.99341431073844,107.99327039718628,100.0,,110.04022244364023,0,601766,120.1129095852375,120.1127381324768,100.0,
1730280514.231419,hc-sj-ucq,1000,1730259888.439828,5.790581162324649,0.5,6,500,617420,False,0,x86_64,382474,100,114.41374685615301,0,617229,111.57392910309136,111.5737874507904,100.0,,114.98174521885812,0,617229,148.1655958238989,148.1653573513031,100.0,
1730281133.34691,hc-sj-ucq,1000,1730259888.439828,5.801603206412826,0.5,6,500,633290,False,0,x86_64,402208,100,118.89260903187096,0,633084,114.17298956774175,114.17284560203552,100.0,,119.07656450755894,0,633084,128.23667303100228,128.23652625083923,100.0,
1730281749.346378,hc-sj-ucq,1000,1730259888.439828,5.812625250501002,0.5,6,500,649568,False,0,x86_64,422982,100,122.56115059368312,0,649353,119.98536329902709,119.9851884841919,100.0,,122.26117572374642,0,649353,131.13693247176707,131.1367883682251,100.0,
1730282386.490269,hc-sj-ucq,1000,1730259888.439828,5.823647294589179,0.5,6,500,666265,False,0,x86_64,444995,100,126.83627032488585,0,666040,124.26390150375664,124.26374983787537,100.0,,127.56919632852077,0,666040,170.5023589413613,170.5022053718567,100.0,
1730283082.250325,hc-sj-ucq,1000,1730259888.439828,5.834669338677355,0.5,6,500,683391,False,0,x86_64,468102,100,131.72525397129357,0,683160,130.38424292579293,130.38408517837524,100.0,,131.60055185481906,0,683160,145.20783763565123,145.20769119262695,100.0,
1730283769.730733,hc-sj-ucq,1000,1730259888.439828,5.845691382765532,0.5,6,500,700957,False,0,x86_64,492315,100,135.03171375021338,0,700719,133.5395995080471,133.53934717178345,100.0,,135.72482845000923,0,700719,149.48307949118316,149.48293685913086,100.0,
1730284476.383143,hc-sj-ucq,1000,1730259888.439828,5.856713426853708,0.5,6,500,718974,False,0,x86_64,518070,100,140.60570768080652,0,718723,136.44719679653645,136.44705271720886,100.0,,141.73435286432505,0,718723,156.83543992601335,156.83526730537415,100.0,
1730285212.980562,hc-sj-ucq,1000,1730259888.439828,5.867735470941884,0.5,6,500,737454,False,0,x86_64,545098,100,145.22568385116756,0,737192,143.27666950784624,143.2765257358551,100.0,,145.77846441604197,0,737192,212.2864755447954,212.28633332252502,100.0,
1730286028.570969,hc-sj-ucq,1000,1730259888.439828,5.878757515030061,0.5,6,500,756410,False,0,x86_64,573268,100,151.22048648260534,0,756132,153.325647668913,153.32550048828125,100.0,,150.5209045484662,0,756132,230.9220233913511,230.92186570167542,100.0,
1730286884.065798,hc-sj-ucq,1000,1730259888.439828,5.889779559118237,0.5,6,500,775853,False,0,x86_64,603263,100,156.452901808545,0,775561,158.1519826427102,158.15171003341675,100.0,,155.61330931819975,0,775561,177.67497360520065,177.6748285293579,100.0,
1730287709.932532,hc-sj-ucq,1000,1730259888.439828,5.900801603206413,0.5,6,500,795795,False,0,x86_64,634881,100,161.66899462789297,0,795491,151.54960480704904,151.54932928085327,100.0,,161.56577382795513,0,795491,164.0019645486027,164.00181674957275,100.0,
1730288534.585692,hc-sj-ucq,1000,1730259888.439828,5.9118236472945895,0.5,6,500,816250,False,0,x86_64,667949,100,166.42156948707998,0,815938,156.04768586345017,156.04744148254395,100.0,,166.64681459963322,0,815938,248.04111463204026,248.04096817970276,100.0,
1730289461.437353,hc-sj-ucq,1000,1730259888.439828,5.922845691382766,0.5,6,500,837231,False,0,x86_64,702662,100,174.14744528010488,0,836903,163.44123212620616,163.4410662651062,100.0,,172.5122419912368,0,836903,184.30316682718694,184.30301189422607,100.0,
1730290350.49848,hc-sj-ucq,1000,1730259888.439828,5.933867735470942,0.5,6,500,858751,False,0,x86_64,739117,100,178.91944225132465,0,858410,165.41263721697032,165.41248846054077,100.0,,181.74713726341724,0,858410,283.43652089498937,283.4363708496094,100.0,
1730291364.975177,hc-sj-ucq,1000,1730259888.439828,5.9448897795591185,0.5,6,500,880825,False,0,x86_64,777588,100,185.18478007242084,0,880468,176.53703309595585,176.5368847846985,100.0,,186.1549878641963,0,880468,304.3747063986957,304.3745291233063,100.0,
1730292425.238478,hc-sj-ucq,1000,1730259888.439828,5.955911823647295,0.5,6,500,903466,False,0,x86_64,818321,100,192.87782485596836,0,903092,183.95497705973685,183.95473074913025,100.0,,192.85257672518492,0,903092,317.1941092144698,317.19395756721497,100.0,
1730293528.547597,hc-sj-ucq,1000,1730259888.439828,5.966933867735471,0.5,6,500,926688,False,0,x86_64,860564,100,200.92528655938804,0,926287,187.14699986949563,187.1468505859375,100.0,,203.27831475809216,0,926287,333.0436230059713,333.04347705841064,100.0,
1730294678.106191,hc-sj-ucq,1000,1730259888.439828,5.977955911823647,0.5,6,500,950508,False,0,x86_64,905466,100,208.3609379865229,0,950083,196.01779631711543,196.01765179634094,100.0,,210.53409988805652,0,950083,362.0219525322318,362.02178502082825,100.0,
1730295887.007741,hc-sj-ucq,1000,1730259888.439828,5.988977955911824,0.5,6,500,974940,False,0,x86_64,952836,100,219.1501984372735,0,974493,208.3558350764215,208.35568571090698,100.0,,214.76282276026905,0,974493,377.9726467151195,377.9724977016449,100.0,
1730297145.699449,hc-sj-ucq,1000,1730259888.439828,6.0,0.5,6,500,1000000,False,0,x86_64,1002320,100,222.02660969644785,0,999530,211.27436692640185,211.27422308921814,100.0,,222.85093355551362,0,999530,414.6474241502583,414.64715695381165,100.0,
1730393634.635232,hc-sj-ucq,1000,1730393544.258821,3.531062124248497,0.5,6,500,3396,False,0,x86_64,11,1,0.6193919144570827,3407,3396,4.404502898454666,3.974486827850342,1.0,,0.6423071026802063,3407,3396,3.7505762577056885,3.7503979206085205,1.0,
1730393645.698987,hc-sj-ucq,1000,1730393544.258821,3.5420841683366735,0.5,6,500,3484,False,0,x86_64,11,1,0.621024964377284,3495,3484,1.0975266303867102,1.0973706245422363,1.0,,0.6362988073378801,3495,3484,1.5191233102232218,1.5189752578735352,1.0,
1730393650.609354,hc-sj-ucq,1000,1730393544.258821,3.55310621242485,0.5,6,500,3573,False,0,x86_64,13,1,0.6331301238387823,3586,3573,1.8067148849368095,1.8065502643585205,1.0,,0.6663880683481693,3586,3573,1.6931287795305252,1.6929545402526855,1.0,
1730393656.482262,hc-sj-ucq,1000,1730393544.258821,3.564128256513026,0.5,6,500,3665,False,0,x86_64,13,1,0.6690638419240713,3678,3665,2.3548350241035223,2.3546810150146484,1.0,,0.6851581949740648,3678,3665,6.034002272412181,6.033843040466309,1.0,
1730393667.533259,hc-sj-ucq,1000,1730393544.258821,3.5751503006012024,0.5,6,500,3759,False,0,x86_64,16,1,0.6477020811289549,3775,3759,2.8489418774843216,2.8487892150878906,1.0,,0.6802589893341064,3775,3759,2.498622305691242,2.4984469413757324,1.0,
1730393675.408391,hc-sj-ucq,1000,1730393544.258821,3.5861723446893787,0.5,6,500,3856,False,0,x86_64,17,1,0.6752476450055838,3873,3856,1.2730503752827644,1.2728819847106934,1.0,,0.7246722411364317,3873,3856,1.1958896238356829,1.1957330703735352,1.0,
1730393680.379972,hc-sj-ucq,1000,1730393544.258821,3.5971943887775555,0.5,6,500,3955,False,0,x86_64,17,1,0.6820648834109306,3972,3955,2.242625979706645,2.2424802780151367,1.0,,0.7042880430817604,3972,3955,3.4085979592055082,3.4084384441375732,1.0,
1730393688.726495,hc-sj-ucq,1000,1730393544.258821,3.608216432865732,0.5,6,500,4057,False,0,x86_64,18,1,0.7023335713893175,4075,4057,3.253800267353654,3.253648042678833,1.0,,0.7281830105930567,4075,4057,1.6309835836291313,1.6308045387268066,1.0,
1730393696.206207,hc-sj-ucq,1000,1730393544.258821,3.619238476953908,0.5,6,500,4161,False,0,x86_64,18,1,0.7316356543451548,4179,4161,2.1653224416077137,2.165130853652954,1.0,,0.7571716737002134,4179,4161,1.8943479266017675,1.8941688537597656,1.0,
1730393702.895507,hc-sj-ucq,1000,1730393544.258821,3.6302605210420844,0.5,6,500,4268,False,0,x86_64,19,1,0.7479875590652227,4287,4268,1.7908379212021828,1.7906761169433594,1.0,,0.7460112608969212,4287,4268,2.66296448931098,2.6628074645996094,1.0,
1730393709.997466,hc-sj-ucq,1000,1730393544.258821,3.6412825651302607,0.5,6,500,4378,False,0,x86_64,21,1,0.7416510432958603,4399,4378,4.310320787131786,4.31018328666687,1.0,,0.7715551946312189,4399,4378,5.159527121111751,5.159358501434326,1.0,
1730393722.414664,hc-sj-ucq,1000,1730393544.258821,3.652304609218437,0.5,6,500,4490,False,0,x86_64,21,1,0.7734132297337055,4511,4490,3.468462284654379,3.4682888984680176,1.0,,0.8035916537046432,4511,4490,2.7095725052058697,2.709402084350586,1.0,
1730393731.591356,hc-sj-ucq,1000,1730393544.258821,3.6633266533066133,0.5,6,500,4606,False,0,x86_64,25,2,0.7757053412497044,4631,4606,2.8244376089423895,2.824279308319092,2.0,,0.804124066606164,4631,4606,3.178013436496258,3.1778578758239746,2.0,
1730393740.70802,hc-sj-ucq,1000,1730393544.258821,3.6743486973947896,0.5,6,500,4724,False,0,x86_64,28,2,0.8039461113512516,4752,4724,3.172331200912595,3.172173023223877,2.0,,0.8346724975854158,4752,4724,3.396003557369113,3.395824909210205,2.0,
1730393750.783564,hc-sj-ucq,1000,1730393544.258821,3.685370741482966,0.5,6,500,4845,False,0,x86_64,30,2,0.829414427280426,4875,4845,2.3778524566441774,2.3776984214782715,2.0,,0.8300770968198776,4875,4845,-1,-1,-1,PuLP: Error while trying to execute gurobi_cl
1730393757.047352,hc-sj-ucq,1000,1730393544.258821,3.6963927855711423,0.5,6,500,4970,False,0,x86_64,31,2,0.842612674459815,5001,4970,4.251374600455165,4.2512006759643555,2.0,,0.8753092810511589,5001,4970,2.719461888074875,2.7193069458007812,2.0,
1730393767.169328,hc-sj-ucq,1000,1730393544.258821,3.707414829659319,0.5,6,500,5098,False,0,x86_64,31,2,0.9023927338421345,5129,5098,3.1326840966939926,3.1324994564056396,2.0,,0.8739931527525187,5129,5098,1.5012092888355255,1.5010242462158203,2.0,
1730393775.165162,hc-sj-ucq,1000,1730393544.258821,3.7184368737474953,0.5,6,500,5229,False,0,x86_64,32,2,0.8616802524775267,5261,5229,1.9936064910143614,1.9934566020965576,2.0,,0.890677984803915,5261,5229,2.5287698041647673,2.5286049842834473,2.0,
1730393783.042689,hc-sj-ucq,1000,1730393544.258821,3.7294589178356716,0.5,6,500,5363,False,0,x86_64,34,2,0.9027044698596001,5397,5363,3.1348331440240145,3.134655475616455,2.0,,0.9316870868206024,5397,5363,2.709201542660594,2.709019660949707,2.0,
1730393792.348981,hc-sj-ucq,1000,1730393544.258821,3.740480961923848,0.5,6,500,5501,False,0,x86_64,36,3,0.9292113799601793,5537,5501,1.569962091743946,1.5698072910308838,3.0,,0.9917974937707186,5537,5501,3.223375717177987,3.2232162952423096,3.0,
1730393800.646887,hc-sj-ucq,1000,1730393544.258821,3.7515030060120242,0.5,6,500,5642,False,0,x86_64,37,3,0.9459954891353846,5679,5642,3.800102487206459,3.7999091148376465,3.0,,0.9631826300173998,5679,5642,2.5026163533329964,2.5024478435516357,3.0,
1730393810.559185,hc-sj-ucq,1000,1730393544.258821,3.7625250501002006,0.5,6,500,5787,False,0,x86_64,37,3,0.9538458324968815,5824,5787,4.420277312397957,4.420118093490601,3.0,,0.9895674325525761,5824,5787,2.2176868580281734,2.2175252437591553,3.0,
1730393820.839789,hc-sj-ucq,1000,1730393544.258821,3.773547094188377,0.5,6,500,5936,False,0,x86_64,40,3,0.9664472248405218,5976,5936,2.967114208266139,2.9669697284698486,3.0,,1.0002277959138155,5976,5936,2.1455055344849825,2.1453490257263184,3.0,
1730393829.37981,hc-sj-ucq,1000,1730393544.258821,3.784569138276553,0.5,6,500,6089,False,0,x86_64,41,3,1.044018404558301,6130,6089,5.316606502979994,5.31644606590271,3.0,,1.0169835146516562,6130,6089,1.6498009115457535,1.6496407985687256,3.0,
1730393839.802361,hc-sj-ucq,1000,1730393544.258821,3.7955911823647295,0.5,6,500,6245,False,0,x86_64,44,3,1.0134413801133633,6289,6245,2.252790855243802,2.2526376247406006,3.0,,1.0966614950448275,6289,6245,2.513239413499832,2.5130796432495117,3.0,
1730393848.422488,hc-sj-ucq,1000,1730393544.258821,3.806613226452906,0.5,6,500,6406,False,0,x86_64,45,3,1.0407699085772038,6451,6406,2.4485324267297983,2.4483587741851807,3.0,,1.0765616055577993,6451,6406,5.561050331220031,5.5608742237091064,3.0,
1730393860.369542,hc-sj-ucq,1000,1730393544.258821,3.8176352705410825,0.5,6,500,6571,False,0,x86_64,45,3,1.0694008059799671,6616,6571,3.4472624603658915,3.447112798690796,3.0,,1.0777457784861326,6616,6571,1.79812391102314,1.7979605197906494,3.0,
1730393869.3032,hc-sj-ucq,1000,1730393544.258821,3.828657314629259,0.5,6,500,6739,False,0,x86_64,47,4,1.0811397898942232,6786,6739,3.360422905534506,3.360266923904419,4.0,,1.1031215079128742,6786,6739,2.9028129391372204,2.9026572704315186,4.0,
1730393879.38723,hc-sj-ucq,1000,1730393544.258821,3.839679358717435,0.5,6,500,6913,False,0,x86_64,53,4,1.0964549258351326,6966,6913,3.57711792178452,3.5769693851470947,4.0,,1.1440359763801098,6966,6913,2.4969712402671576,2.4968085289001465,4.0,
1730393889.496577,hc-sj-ucq,1000,1730393544.258821,3.8507014028056115,0.5,6,500,7090,False,0,x86_64,55,4,1.1538645513355732,7145,7090,3.442776458337903,3.4426212310791016,4.0,,1.1683129891753197,7145,7090,3.089351925998926,3.0891854763031006,4.0,
1730393900.100741,hc-sj-ucq,1000,1730393544.258821,3.8617234468937878,0.5,6,500,7273,False,0,x86_64,57,4,1.1988381519913673,7330,7273,-1,-1,-1,-1,PuLP: Error while trying to execute gurobi_cl,1.2399465050548315,7330,7273,2.277413982897997,2.2772789001464844,4.0,
1730393908.578865,hc-sj-ucq,1000,1730393544.258821,3.872745490981964,0.5,6,500,7460,False,0,x86_64,60,5,1.2012450769543648,7520,7460,3.7851192243397236,3.7849483489990234,5.0,,1.2019769698381424,7520,7460,1.5972588956356049,1.597083568572998,5.0,
1730393918.336025,hc-sj-ucq,1000,1730393544.258821,3.8837675350701404,0.5,6,500,7651,False,0,x86_64,63,5,1.273322694003582,7714,7651,1.6049333531409502,1.6047720909118652,5.0,,1.2563411798328161,7714,7651,2.7279921397566795,2.727825164794922,5.0,
1730393926.97359,hc-sj-ucq,1000,1730393544.258821,3.8947895791583167,0.5,6,500,7848,False,0,x86_64,65,5,1.2587981261312962,7913,7848,3.009966788813472,3.009810209274292,5.0,,1.2922269627451897,7913,7848,1.9812242090702057,1.9810693264007568,5.0,
1730393936.355645,hc-sj-ucq,1000,1730393544.258821,3.905811623246493,0.5,6,500,8050,False,0,x86_64,66,5,1.3121735397726297,8116,8050,2.938640696927905,2.938483476638794,5.0,,1.2822650410234928,8116,8050,2.0058434046804905,2.005683660507202,5.0,
1730393945.656086,hc-sj-ucq,1000,1730393544.258821,3.9168336673346693,0.5,6,500,8257,False,0,x86_64,72,6,1.2936541568487883,8329,8257,2.674164006486535,2.6740121841430664,6.0,,1.3129366729408503,8329,8257,4.596066039055586,4.5959086418151855,6.0,
1730393957.550197,hc-sj-ucq,1000,1730393544.258821,3.927855711422846,0.5,6,500,8469,False,0,x86_64,76,6,1.3272719774395227,8545,8469,4.0958387684077024,4.095685720443726,6.0,,1.3724320903420448,8545,8469,2.1473963484168053,2.147249221801758,6.0,
1730393968.396706,hc-sj-ucq,1000,1730393544.258821,3.9388777555110224,0.5,6,500,8687,False,0,x86_64,76,6,1.3780001942068338,8763,8687,1.560110416263342,1.559960126876831,6.0,,1.39257275685668,8763,8687,2.8097655177116394,2.809598922729492,6.0,
1730393977.620487,hc-sj-ucq,1000,1730393544.258821,3.9498997995991987,0.5,6,500,8910,False,0,x86_64,82,7,1.4452747274190187,8992,8910,2.1198994144797325,2.119748115539551,7.0,,1.434127191081643,8992,8910,1.8332609999924898,1.8330979347229004,7.0,
1730393986.441181,hc-sj-ucq,1000,1730393544.258821,3.960921843687375,0.5,6,500,9139,False,0,x86_64,88,7,1.4830962885171175,9227,9139,2.4885774329304695,2.488431692123413,7.0,,1.4766644667834044,9227,9139,2.816343478858471,2.816197633743286,7.0,
1730393996.692294,hc-sj-ucq,1000,1730393544.258821,3.9719438877755513,0.5,6,500,9374,False,0,x86_64,90,7,1.4782507698982954,9464,9374,2.4122218415141106,2.4120776653289795,7.0,,1.5101289246231318,9464,9374,2.556081395596266,2.555917263031006,7.0,
1730394006.722168,hc-sj-ucq,1000,1730393544.258821,3.9829659318637276,0.5,6,500,9615,False,0,x86_64,101,8,1.5094685852527618,9716,9615,2.179019719362259,2.178844928741455,8.0,,1.5737692974507809,9716,9615,4.434907723218203,4.434734344482422,8.0,
1730394018.89529,hc-sj-ucq,1000,1730393544.258821,3.993987975951904,0.5,6,500,9862,False,0,x86_64,106,9,1.5252602249383926,9968,9862,2.3204049188643694,2.320248603820801,9.0,,1.575551737099886,9968,9862,2.7902303729206324,2.7900545597076416,9.0,
1730394029.696393,hc-sj-ucq,1000,1730393544.258821,4.00501002004008,0.5,6,500,10116,False,0,x86_64,116,9,1.5394475124776363,10232,10116,1.9232644997537136,1.9231235980987549,9.0,,1.6033695470541716,10232,10116,1.73579060472548,1.7356386184692383,9.0,
1730394038.924236,hc-sj-ucq,1000,1730393544.258821,4.0160320641282565,0.5,6,500,10376,False,0,x86_64,119,10,1.6622505821287632,10495,10376,1.8487763851881027,1.8485991954803467,10.0,,1.664613926783204,10495,10376,2.3591163828969,2.3589677810668945,10.0,
1730394048.660078,hc-sj-ucq,1000,1730393544.258821,4.027054108216433,0.5,6,500,10642,False,0,x86_64,123,10,1.627038136124611,10765,10642,1.574838189408183,1.5746877193450928,10.0,,1.704958789050579,10765,10642,2.238467076793313,2.238330841064453,10.0,
1730394058.071985,hc-sj-ucq,1000,1730393544.258821,4.03807615230461,0.5,6,500,10916,False,0,x86_64,127,10,1.6993252225220203,11043,10916,2.793631538748741,2.7934811115264893,10.0,,1.7375698704272509,11043,10916,2.532565401867032,2.5323939323425293,10.0,
1730394069.226569,hc-sj-ucq,1000,1730393544.258821,4.0490981963927855,0.5,6,500,11196,False,0,x86_64,130,11,1.7725630290806293,11326,11196,2.0230590365827084,2.0229134559631348,11.0,,1.7781782820820808,11326,11196,2.7361331656575203,2.735989570617676,11.0,
1730394080.110853,hc-sj-ucq,1000,1730393544.258821,4.060120240480963,0.5,6,500,11484,False,0,x86_64,137,11,1.7283196058124304,11621,11484,2.7313762828707695,2.7312095165252686,11.0,,1.8533201310783625,11621,11484,1.942713800817728,1.9425194263458252,11.0,
1730394091.128246,hc-sj-ucq,1000,1730393544.258821,4.071142284569138,0.5,6,500,11779,False,0,x86_64,147,12,1.8259113151580095,11926,11779,2.1224482022225857,2.122297525405884,12.0,,1.8997110091149807,11926,11779,2.6243967805057764,2.6242337226867676,12.0,
1730394102.149435,hc-sj-ucq,1000,1730393544.258821,4.082164328657315,0.5,6,500,12082,False,0,x86_64,156,13,1.8588036596775055,12238,12082,2.6305491141974926,2.630380392074585,13.0,,1.9421689789742231,12238,12082,2.253194209188223,2.2530486583709717,13.0,
1730394113.616282,hc-sj-ucq,1000,1730393544.258821,4.093186372745491,0.5,6,500,12393,False,0,x86_64,160,13,1.9554898533970118,12553,12393,2.467912996187806,2.467758893966675,13.0,,1.9441158454865217,12553,12393,2.6058627739548683,2.6057047843933105,13.0,
1730394125.231248,hc-sj-ucq,1000,1730393544.258821,4.104208416833668,0.5,6,500,12711,False,0,x86_64,170,14,1.9837325736880302,12881,12711,2.0710435826331377,2.070878744125366,14.0,,1.9917810130864382,12881,12711,2.821195863187313,2.821056604385376,14.0,
1730394136.900107,hc-sj-ucq,1000,1730393544.258821,4.115230460921843,0.5,6,500,13038,False,0,x86_64,174,14,1.9512322302907705,13212,13038,2.3387072756886482,2.338564157485962,14.0,,2.001530947163701,13212,13038,3.2152043096721172,3.2150466442108154,14.0,
1730394149.309544,hc-sj-ucq,1000,1730393544.258821,4.1262525050100205,0.5,6,500,13373,False,0,x86_64,180,15,2.0673847813159227,13553,13373,2.673114998266101,2.6729674339294434,15.0,,2.1340528279542923,13553,13373,3.4681425504386425,3.467980146408081,15.0,
1730394162.677594,hc-sj-ucq,1000,1730393544.258821,4.137274549098197,0.5,6,500,13717,False,0,x86_64,187,16,2.127945553511381,13904,13717,2.7425113562494516,2.742366075515747,16.0,,2.0795461125671864,13904,13717,3.5556938480585814,3.555542230606079,16.0,
1730394176.003989,hc-sj-ucq,1000,1730393544.258821,4.148296593186373,0.5,6,500,14070,False,0,x86_64,196,16,2.139753358438611,14266,14070,2.939117981120944,2.9389681816101074,16.0,,2.1972974371165037,14266,14070,2.9128370732069016,2.9126875400543213,16.0,
1730394189.460546,hc-sj-ucq,1000,1730393544.258821,4.159318637274549,0.5,6,500,14431,False,0,x86_64,210,17,2.2063387539237738,14641,14431,2.9484679717570543,2.9483087062835693,17.0,,2.2612940035760403,14641,14431,2.4372404012829065,2.4370713233947754,17.0,
1730394202.451449,hc-sj-ucq,1000,1730393544.258821,4.170340681362726,0.5,6,500,14802,False,0,x86_64,218,18,2.244230270385742,15020,14802,4.59914224781096,4.598994016647339,18.0,,2.33555643633008,15020,14802,2.778119446709752,2.777961254119873,18.0,
1730394217.527024,hc-sj-ucq,1000,1730393544.258821,4.181362725450902,0.5,6,500,15183,False,0,x86_64,233,19,2.339964736253023,15416,15183,4.922798248007894,4.9226460456848145,19.0,,2.3746533431112766,15416,15183,2.8655768167227507,2.8654253482818604,19.0,
1730394233.321152,hc-sj-ucq,1000,1730393544.258821,4.192384769539078,0.5,6,500,15573,False,0,x86_64,248,20,2.3865004759281874,15821,15573,2.03401006385684,2.0338597297668457,20.0,,2.4186931122094393,15821,15573,2.579095274209976,2.5789406299591064,20.0,
1730394246.046204,hc-sj-ucq,1000,1730393544.258821,4.203406813627255,0.5,6,500,15973,False,0,x86_64,266,22,2.4121435210108757,16239,15973,2.7489451970905066,2.748791217803955,22.0,,2.502685835584998,16239,15973,2.5547377560287714,2.5545449256896973,22.0,
1730394259.720009,hc-sj-ucq,1000,1730393544.258821,4.214428857715431,0.5,6,500,16384,False,0,x86_64,277,22,2.5474326703697443,16661,16384,2.2289824988693,2.2288219928741455,22.0,,2.549948114901781,16661,16384,2.1123345997184515,2.1121702194213867,22.0,
1730394272.548499,hc-sj-ucq,1000,1730393544.258821,4.225450901803607,0.5,6,500,16805,False,0,x86_64,291,24,2.509373616427183,17096,16805,3.3016515970230103,3.301496982574463,24.0,,2.613038996234536,17096,16805,5.076994055882096,5.076847314834595,24.0,
1730394289.580548,hc-sj-ucq,1000,1730393544.258821,4.236472945891784,0.5,6,500,17237,False,0,x86_64,306,24,2.5851291827857494,17543,17237,2.3676326144486666,2.367482900619507,24.0,,2.700071442872286,17543,17237,2.878833629190922,2.878657341003418,24.0,
1730394303.761837,hc-sj-ucq,1000,1730393544.258821,4.247494989979961,0.5,6,500,17680,False,0,x86_64,318,25,2.670140950009227,17998,17680,3.181120967492461,3.1809639930725098,25.0,,2.707717750221491,17998,17680,3.337345676496625,3.33720064163208,25.0,
1730394319.419696,hc-sj-ucq,1000,1730393544.258821,4.258517034068136,0.5,6,500,18134,False,0,x86_64,341,27,2.7137004993855953,18475,18134,2.229197585955262,2.229038953781128,27.0,,2.773543693125248,18475,18134,3.921824350953102,3.9216856956481934,27.0,
1730394334.872798,hc-sj-ucq,1000,1730393544.258821,4.269539078156313,0.5,6,500,18601,False,0,x86_64,359,28,2.7945897690951824,18960,18601,3.478990111500025,3.478844404220581,28.0,,2.8480217903852463,18960,18601,3.182198679074645,3.1820549964904785,28.0,
1730394351.044132,hc-sj-ucq,1000,1730393544.258821,4.280561122244489,0.5,6,500,19079,False,0,x86_64,386,30,2.793911272659898,19465,19079,2.6221262272447348,2.6219794750213623,30.0,,2.8821652308106422,19465,19079,3.174674352630973,3.174520969390869,30.0,
1730394366.486568,hc-sj-ucq,1000,1730393544.258821,4.291583166332666,0.5,6,500,19569,False,0,x86_64,412,32,2.977971326559782,19981,19569,2.9458293188363314,2.9456615447998047,32.0,,2.97341157309711,19981,19569,3.8257065191864967,3.825559377670288,32.0,
1730394383.407042,hc-sj-ucq,1000,1730393544.258821,4.302605210420841,0.5,6,500,20072,False,0,x86_64,427,34,3.035481186583638,20499,20072,2.8062048126012087,2.806053400039673,34.0,,3.0612006317824125,20499,20072,3.2301908750087023,3.230039358139038,34.0,
1730394399.915296,hc-sj-ucq,1000,1730393544.258821,4.313627254509019,0.5,6,500,20588,False,0,x86_64,455,35,3.055875910446048,21043,20588,3.9718370400369167,3.971688985824585,35.0,,3.1710060201585293,21043,20588,2.6793061047792435,2.6791446208953857,35.0,
1730394417.028025,hc-sj-ucq,1000,1730393544.258821,4.324649298597194,0.5,6,500,21117,False,0,x86_64,480,37,3.2147903330624104,21597,21117,2.597522610798478,2.5973639488220215,37.0,,3.260585132986307,21597,21117,3.298237120732665,3.2980806827545166,37.0,
1730394433.65345,hc-sj-ucq,1000,1730393544.258821,4.335671342685371,0.5,6,500,21660,False,0,x86_64,504,38,3.2863565515726805,22164,21660,2.529237935319543,2.5290942192077637,38.0,,3.235729169100523,22164,21660,2.6880016941577196,2.687856435775757,38.0,
1730394449.759771,hc-sj-ucq,1000,1730393544.258821,4.346693386773547,0.5,6,500,22217,False,0,x86_64,531,40,3.287931451573968,22748,22217,2.4004786908626556,2.4003398418426514,40.0,,3.374515289440751,22748,22217,2.724629033356905,2.724473237991333,40.0,
1730394465.991255,hc-sj-ucq,1000,1730393544.258821,4.357715430861724,0.5,6,500,22788,False,0,x86_64,557,41,3.476637763902545,23345,22788,3.8335788547992706,3.833418130874634,41.0,,3.4930636789649725,23345,22788,3.9269782453775406,3.926806926727295,41.0,
1730394485.519179,hc-sj-ucq,1000,1730393544.258821,4.3687374749499,0.5,6,500,23374,False,0,x86_64,582,42,3.5379661452025175,23956,23374,3.9784003868699074,3.978238105773926,42.0,,3.5167937967926264,23956,23374,2.8104305900633335,2.8102738857269287,42.0,
1730394504.149432,hc-sj-ucq,1000,1730393544.258821,4.3797595190380765,0.5,6,500,23975,False,0,x86_64,608,44,3.6559568382799625,24583,23975,4.859749572351575,4.859589338302612,44.0,,3.693494863808155,24583,23975,2.80555029027164,2.80539608001709,44.0,
1730394523.991157,hc-sj-ucq,1000,1730393544.258821,4.390781563126253,0.5,6,500,24591,False,0,x86_64,649,46,3.7120221238583326,25239,24590,3.812963370233774,3.812812566757202,46.0,,3.7773639895021915,25239,24590,3.6179818976670504,3.6178035736083984,46.0,
1730394543.984277,hc-sj-ucq,1000,1730393544.258821,4.401803607214429,0.5,6,500,25223,False,0,x86_64,678,48,3.8371245246380568,25899,25221,3.5000396966934204,3.4998528957366943,48.0,,3.80332257412374,25899,25221,5.688314670696855,5.688154697418213,48.0,
1730394566.071682,hc-sj-ucq,1000,1730393544.258821,4.412825651302605,0.5,6,500,25871,False,0,x86_64,709,49,3.8754197396337986,26578,25869,3.079784383997321,3.0796236991882324,49.0,,3.9820000045001507,26578,25869,3.4427270647138357,3.4425745010375977,49.0,
1730394585.914522,hc-sj-ucq,1000,1730393544.258821,4.423847695390782,0.5,6,500,26536,False,0,x86_64,746,51,3.934559801593423,27280,26534,3.9155570305883884,3.9153926372528076,51.0,,4.083757059648633,27280,26534,3.448393678292632,3.448230028152466,51.0,
1730394606.618074,hc-sj-ucq,1000,1730393544.258821,4.434869739478958,0.5,6,500,27218,False,0,x86_64,787,52,4.14806298352778,28003,27216,3.518375674262643,3.518190860748291,52.0,,4.199511544778943,28003,27216,3.028429949656129,3.02812123298645,52.0,
1730394627.041843,hc-sj-ucq,1000,1730393544.258821,4.445891783567134,0.5,6,500,27918,False,0,x86_64,809,53,4.166557556018233,28725,27916,3.7161486130207777,3.716001033782959,53.0,,4.32163923420012,28725,27916,4.2433065213263035,4.2431557178497314,53.0,
1730394649.06989,hc-sj-ucq,1000,1730393544.258821,4.456913827655311,0.5,6,500,28636,False,0,x86_64,854,55,4.272252039983869,29488,28634,5.392787525430322,5.3926355838775635,55.0,,4.3990476336330175,29488,28634,3.6110693644732237,3.6109237670898438,55.0,
1730394672.408388,hc-sj-ucq,1000,1730393544.258821,4.467935871743487,0.5,6,500,29372,False,0,x86_64,910,57,4.356180116534233,30280,29370,4.360555991530418,4.360405445098877,57.0,,4.511157548055053,30280,29370,4.0423409305512905,4.042157173156738,57.0,
1730394695.673094,hc-sj-ucq,1000,1730393544.258821,4.478957915831664,0.5,6,500,30127,False,0,x86_64,952,59,4.597982369363308,31077,30125,5.026028294116259,5.025871992111206,59.0,,4.497919984161854,31077,30125,5.218997288495302,5.218828439712524,59.0,
1730394721.382763,hc-sj-ucq,1000,1730393544.258821,4.48997995991984,0.5,6,500,30901,False,0,x86_64,996,61,4.679603539407253,31895,30899,4.3010778203606606,4.300934553146362,61.0,,4.640313599258661,31895,30899,4.348586341366172,4.348435878753662,61.0,
1730394745.756371,hc-sj-ucq,1000,1730393544.258821,4.501002004008016,0.5,6,500,31695,False,0,x86_64,1049,62,4.676836974918842,32741,31692,4.027645567432046,4.027505874633789,62.0,,4.7484653405845165,32741,31692,4.866553047671914,4.866228342056274,62.0,
1730394770.407915,hc-sj-ucq,1000,1730393544.258821,4.512024048096192,0.5,6,500,32510,False,0,x86_64,1098,64,4.784748068079352,33605,32507,6.17026693187654,6.17012095451355,64.0,,4.953224610537291,33605,32507,5.032273646444082,5.032131195068359,64.0,
1730394798.207921,hc-sj-ucq,1000,1730393544.258821,4.523046092184369,0.5,6,500,33346,False,0,x86_64,1147,65,4.963066169992089,34490,33343,3.8651685919612646,3.8650293350219727,65.0,,5.054078806191683,34490,33343,5.600709384307265,5.600538969039917,65.0,
1730394824.835614,hc-sj-ucq,1000,1730393544.258821,4.534068136272546,0.5,6,500,34203,False,0,x86_64,1206,67,5.087771601974964,35406,34200,4.229892488569021,4.229666471481323,67.0,,5.325810924172401,35406,34200,4.14857866987586,4.148427486419678,67.0,
1730394850.478518,hc-sj-ucq,1000,1730393544.258821,4.545090180360722,0.5,6,500,35082,False,0,x86_64,1268,69,5.230390377342701,36347,35079,4.4760633036494255,4.475911378860474,69.0,,5.375862628221512,36347,35079,4.196183869615197,4.196034908294678,69.0,
1730394876.873132,hc-sj-ucq,1000,1730393544.258821,4.556112224448898,0.5,6,500,35984,False,0,x86_64,1342,70,5.442199422046542,37323,35981,4.051923763006926,4.051778078079224,70.0,,5.48529470898211,37323,35981,3.936590924859047,3.9364242553710938,70.0,
1730394903.084036,hc-sj-ucq,1000,1730393544.258821,4.567134268537075,0.5,6,500,36909,False,0,x86_64,1402,72,5.516372138634324,38308,36906,5.082997182384133,5.082844018936157,72.0,,5.559442354366183,38308,36906,4.32027948088944,4.3201165199279785,72.0,
1730394930.732541,hc-sj-ucq,1000,1730393544.258821,4.578156312625251,0.5,6,500,37857,False,0,x86_64,1481,75,5.785407170653343,39335,37854,4.617126816883683,4.61695671081543,75.0,,5.792499482631683,39335,37854,4.569828720763326,4.569674491882324,75.0,
1730394959.304025,hc-sj-ucq,1000,1730393544.258821,4.589178356713427,0.5,6,500,38830,False,0,x86_64,1561,77,5.832293486222625,40387,38826,4.644994592294097,4.64482569694519,77.0,,5.925975216552615,40387,38826,4.687956620007753,4.68779993057251,77.0,
1730394988.068434,hc-sj-ucq,1000,1730393544.258821,4.6002004008016035,0.5,6,500,39829,False,0,x86_64,1650,79,6.0852761548012495,41475,39825,4.415335778146982,4.415173530578613,79.0,,6.072636719793081,41475,39825,4.539033520966768,4.538875341415405,79.0,
1730395016.996056,hc-sj-ucq,1000,1730393544.258821,4.61122244488978,0.5,6,500,40852,False,0,x86_64,1765,81,6.282461488619447,42613,40848,5.6926433853805065,5.692486524581909,81.0,,6.371092041954398,42613,40848,5.185853268951178,5.185697317123413,81.0,
1730395048.881045,hc-sj-ucq,1000,1730393544.258821,4.622244488977956,0.5,6,500,41902,False,0,x86_64,1840,82,6.432399656623602,43738,41898,5.6458931267261505,5.645734548568726,82.0,,6.446222554892302,43738,41898,5.5868059154599905,5.5866453647613525,82.0,
1730395081.369054,hc-sj-ucq,1000,1730393544.258821,4.6332665330661325,0.5,6,500,42980,False,0,x86_64,1926,84,6.586429616436362,44902,42976,5.024848785251379,5.024679660797119,84.0,,6.682598410174251,44902,42976,5.588052658364177,5.58787727355957,84.0,
1730395114.008252,hc-sj-ucq,1000,1730393544.258821,4.644288577154309,0.5,6,500,44084,False,0,x86_64,2018,85,6.620842237025499,46098,44080,5.804782779887319,5.804638624191284,85.0,,6.795000514015555,46098,44080,6.12741250731051,6.127234935760498,85.0,
1730395148.297452,hc-sj-ucq,1000,1730393544.258821,4.655310621242485,0.5,6,500,45217,False,0,x86_64,2132,87,6.789930947124958,47345,45213,6.45977801643312,6.459600210189819,87.0,,7.048169903457165,47345,45213,5.1595938969403505,5.159430503845215,87.0,
1730395182.793297,hc-sj-ucq,1000,1730393544.258821,4.666332665330661,0.5,6,500,46380,False,0,x86_64,2241,88,6.980616044253111,48617,46376,5.9447833970189095,5.94462776184082,88.0,,7.22709059342742,48617,46376,5.023185649886727,5.0230395793914795,88.0,
1730395216.906893,hc-sj-ucq,1000,1730393544.258821,4.677354709418838,0.5,6,500,47572,False,0,x86_64,2362,89,7.3108851201832294,49930,47568,5.948458023369312,5.9482715129852295,89.0,,7.389514511451125,49930,47568,6.062871837988496,6.062719821929932,89.0,
1730395253.25226,hc-sj-ucq,1000,1730393544.258821,4.688376753507014,0.5,6,500,48795,False,0,x86_64,2493,90,7.604287130758166,51284,48791,5.991700440645218,5.9915382862091064,90.0,,7.581822708249092,51284,48791,5.3493340741842985,5.349186658859253,90.0,
1730395289.580191,hc-sj-ucq,1000,1730393544.258821,4.69939879759519,0.5,6,500,50049,False,0,x86_64,2615,91,7.560925701633096,52660,50045,6.303149953484535,6.302992343902588,91.0,,7.546342698857188,52660,50045,6.476919649168849,6.4767584800720215,91.0,
1730395327.721405,hc-sj-ucq,1000,1730393544.258821,4.710420841683367,0.5,6,500,51335,False,0,x86_64,2743,93,8.033382849767804,54074,51331,6.766935696825385,6.766770839691162,93.0,,7.975202105939388,54074,51331,6.374376863241196,6.374204635620117,93.0,
1730395367.388598,hc-sj-ucq,1000,1730393544.258821,4.721442885771543,0.5,6,500,52655,False,0,x86_64,2885,94,8.188568560406566,55536,52651,6.242854040116072,6.2426722049713135,94.0,,8.109592316672206,55536,52651,6.153469828888774,6.1533143520355225,94.0,
1730395406.555326,hc-sj-ucq,1000,1730393544.258821,4.73246492985972,0.5,6,500,54008,False,0,x86_64,3043,95,8.452702412381768,57047,54004,6.538417527452111,6.538260459899902,95.0,,8.402616556733847,57047,54004,6.923505010083318,6.923349857330322,95.0,
1730395448.078781,hc-sj-ucq,1000,1730393544.258821,4.743486973947896,0.5,6,500,55397,False,0,x86_64,3209,95,8.650686347857118,58602,55393,6.696841863915324,6.69666314125061,95.0,,8.605311231687665,58602,55393,6.774824099615216,6.77466344833374,95.0,
1730395489.811716,hc-sj-ucq,1000,1730393544.258821,4.754509018036073,0.5,6,500,56821,False,0,x86_64,3365,96,8.63804767280817,60182,56817,7.039121493697166,7.038975954055786,96.0,,8.877862015739083,60182,56817,6.638651300221682,6.638471841812134,96.0,
1730395532.088857,hc-sj-ucq,1000,1730393544.258821,4.765531062124249,0.5,6,500,58281,False,0,x86_64,3538,97,9.119664046913385,61815,58277,7.278733382001519,7.278580188751221,97.0,,8.934592638164759,61815,58277,6.774345187470317,6.774197578430176,97.0,
1730395575.821638,hc-sj-ucq,1000,1730393544.258821,4.776553106212425,0.5,6,500,59779,False,0,x86_64,3691,97,9.247915800660849,63466,59775,7.129411472007632,7.129236936569214,97.0,,9.287155363708735,63466,59775,7.713024500757456,7.712871551513672,97.0,
1730395620.859521,hc-sj-ucq,1000,1730393544.258821,4.787575150300602,0.5,6,500,61316,False,0,x86_64,3887,97,9.597317995503545,65199,61312,6.813671017065644,6.81350564956665,97.0,,9.64423388428986,65199,61312,7.452164683490992,7.451993942260742,97.0,
1730395666.358781,hc-sj-ucq,1000,1730393544.258821,4.798597194388778,0.5,6,500,62892,False,0,x86_64,4109,98,9.610306086018682,66997,62888,8.008777612820268,8.008619785308838,98.0,,9.756744209676981,66997,62888,7.636172268539667,7.636015176773071,98.0,
1730395713.759513,hc-sj-ucq,1000,1730393544.258821,4.809619238476954,0.5,6,500,64508,False,0,x86_64,4332,98,9.99793160893023,68836,64504,8.496856233105063,8.496685266494751,103.0,,10.090261522680521,68836,64504,7.817429304122925,7.817246198654175,103.0,
1730395763.038911,hc-sj-ucq,1000,1730393544.258821,4.820641282565131,0.5,6,500,66166,False,0,x86_64,4566,98,10.260945232585073,70728,66162,8.238100500777364,8.237928628921509,115.0,,10.292612770572305,70728,66162,7.419078458100557,7.418929815292358,115.0,
1730395812.453315,hc-sj-ucq,1000,1730393544.258821,4.831663326653307,0.5,6,500,67867,False,0,x86_64,4777,99,10.618738360702991,72640,67863,8.714162582531571,8.713991165161133,126.0,,10.747857151553035,72640,67863,9.100857444107533,9.10066556930542,126.0,
1730395865.611567,hc-sj-ucq,1000,1730393544.258821,4.842685370741483,0.5,6,500,69612,False,0,x86_64,5019,99,10.909268444404006,74626,69607,8.94397165067494,8.943800449371338,134.0,,11.046906786039472,74626,69607,8.616809401661158,8.616653680801392,134.0,
1730395919.330949,hc-sj-ucq,1000,1730393544.258821,4.8537074148296595,0.5,6,500,71401,False,0,x86_64,5278,99,11.18158364854753,76674,71396,8.87935771048069,8.879206657409668,149.0,,11.190047673881054,76674,71396,9.576611664146185,9.576449632644653,149.0,
1730395974.691059,hc-sj-ucq,1000,1730393544.258821,4.864729458917836,0.5,6,500,73236,False,0,x86_64,5550,99,11.752742312848568,78781,73231,10.157160630449653,10.15700101852417,163.0,,11.581536903977394,78781,73231,10.265085080638528,10.264904022216797,163.0,
1730396033.324387,hc-sj-ucq,1000,1730393544.258821,4.875751503006012,0.5,6,500,75119,False,0,x86_64,5846,99,11.715484961867332,80960,75114,8.808134140446782,8.807976961135864,165.0,,11.572502108290792,80960,75114,9.418918928131461,9.418762922286987,165.0,
1730396090.010284,hc-sj-ucq,1000,1730393544.258821,4.886773547094188,0.5,6,500,77050,False,0,x86_64,6171,99,12.235702972859144,83216,77045,9.568446841090918,9.56827688217163,171.0,,12.345585215836763,83216,77045,8.827352833002806,8.827203512191772,171.0,
1730396148.174322,hc-sj-ucq,1000,1730393544.258821,4.897795591182365,0.5,6,500,79030,False,0,x86_64,6497,99,12.61783835478127,85522,79025,9.454603657126427,9.454436779022217,187.0,,12.523541208356619,85522,79025,9.404235765337944,9.404090881347656,187.0,
1730396208.509461,hc-sj-ucq,1000,1730393544.258821,4.908817635270541,0.5,6,500,81062,False,0,x86_64,6830,100,12.866034084931016,87887,81057,10.284923072904348,10.284764289855957,208.0,,12.93818635866046,87887,81057,10.089382825419307,10.089219331741333,208.0,
1730396270.692834,hc-sj-ucq,1000,1730393544.258821,4.919839679358717,0.5,6,500,83145,False,0,x86_64,7177,100,13.059695614501834,90317,83140,10.731632297858596,10.731478452682495,224.0,,13.273894211277366,90317,83140,9.5658896882087,9.565709590911865,224.0,
1730396333.949643,hc-sj-ucq,1000,1730393544.258821,4.930861723446894,0.5,6,500,85282,False,0,x86_64,7553,100,13.37423986196518,92830,85277,10.711617544293404,10.711445569992065,238.0,,13.762839902192354,92830,85277,11.096973532810807,11.096818923950195,238.0,
1730396400.351865,hc-sj-ucq,1000,1730393544.258821,4.94188376753507,0.5,6,500,87474,False,0,x86_64,7977,100,14.01685574837029,95446,87469,11.05356447212398,11.053399085998535,253.0,,13.948668142780662,95446,87469,10.656307520344853,10.65615701675415,253.0,
1730396468.154618,hc-sj-ucq,1000,1730393544.258821,4.952905811623247,0.5,6,500,89723,False,0,x86_64,8385,100,14.32859767600894,98103,89718,12.468351379036903,12.468170404434204,281.0,,14.519925413653255,98103,89718,11.797182643786073,11.797024250030518,281.0,
1730396540.15199,hc-sj-ucq,1000,1730393544.258821,4.9639278557114235,0.5,6,500,92029,False,0,x86_64,8841,100,14.923056848347187,100865,92024,12.12779095582664,12.12763500213623,305.0,,14.798757437616587,100865,92024,12.491976577788591,12.49180269241333,305.0,
1730396613.392398,hc-sj-ucq,1000,1730393544.258821,4.9749498997996,0.5,6,500,94395,False,0,x86_64,9310,100,15.185042643919587,103700,94390,12.64585154876113,12.645668506622314,324.0,,14.94148114323616,103700,94390,11.446701996028423,11.446547508239746,324.0,
1730396686.788092,hc-sj-ucq,1000,1730393544.258821,4.985971943887776,0.5,6,500,96821,False,0,x86_64,9744,100,15.744834704324603,106560,96816,13.217557091265917,13.217375040054321,348.0,,15.773583767935634,106560,96816,12.889515191316605,12.889351844787598,348.0,
1730396764.214888,hc-sj-ucq,1000,1730393544.258821,4.996993987975952,0.5,6,500,99310,False,0,x86_64,10265,100,16.062233863398433,109568,99303,12.897923175245523,12.897767782211304,382.0,,16.198600061237812,109568,99303,11.909264408051968,11.909088611602783,382.0,
1730396841.654223,hc-sj-ucq,1000,1730393544.258821,5.008016032064129,0.5,6,500,101862,False,0,x86_64,10753,100,16.481307992711663,112608,101855,14.525976609438658,14.525783061981201,409.0,,16.608033549040556,112608,101855,12.871800746768713,12.871620893478394,409.0,
1730396923.499129,hc-sj-ucq,1000,1730393544.258821,5.019038076152305,0.5,6,500,104481,False,0,x86_64,11273,100,16.900186650454998,115746,104473,15.27258899435401,15.272430419921875,436.0,,17.04780349135399,115746,104473,12.67477879114449,12.67458438873291,436.0,
1730397007.234359,hc-sj-ucq,1000,1730393544.258821,5.030060120240481,0.5,6,500,107166,False,0,x86_64,11878,100,17.484300777316093,119036,107158,14.457567604258657,14.457409858703613,478.0,,17.312520306557417,119036,107158,14.233020776882768,14.23284649848938,478.0,
1730397092.022504,hc-sj-ucq,1000,1730393544.258821,5.041082164328658,0.5,6,500,109921,False,0,x86_64,12492,100,17.82332808151841,122404,109912,14.166839191690087,14.166673183441162,507.0,,17.778867119923234,122404,109912,13.510775899514556,13.510584831237793,507.0,
1730397177.499541,hc-sj-ucq,1000,1730393544.258821,5.052104208416834,0.5,6,500,112746,False,0,x86_64,13158,100,18.567780749872327,125895,112737,15.039166251197457,15.03899621963501,541.0,,18.50714372098446,125895,112737,15.182545680552721,15.182385683059692,541.0,
1730397267.932998,hc-sj-ucq,1000,1730393544.258821,5.06312625250501,0.5,6,500,115644,False,0,x86_64,13799,100,18.71742607653141,129432,115633,14.95326777920127,14.953121900558472,586.0,,18.86695167608559,129432,115633,15.727232087403536,15.727063179016113,586.0,
1730397360.347773,hc-sj-ucq,1000,1730393544.258821,5.074148296593187,0.5,6,500,118617,False,0,x86_64,14476,100,19.30835965462029,133082,118606,15.858441384509206,15.858273267745972,620.0,,18.893041217699647,133082,118606,16.831587525084615,16.83142924308777,620.0,
1730397454.961975,hc-sj-ucq,1000,1730393544.258821,5.085170340681363,0.5,6,500,121666,False,0,x86_64,15194,100,20.015969583764672,136848,121654,17.096673540771008,17.096372365951538,660.0,,19.985918218269944,136848,121654,16.410139659419656,16.409950971603394,660.0,
1730397553.678668,hc-sj-ucq,1000,1730393544.258821,5.096192384769539,0.5,6,500,124793,False,0,x86_64,15943,100,20.96297873556614,140724,124781,18.331331921741366,18.331166982650757,703.0,,20.626524433493614,140724,124781,17.63898427039385,17.638821601867676,703.0,
1730397656.539444,hc-sj-ucq,1000,1730393544.258821,5.1072144288577155,0.5,6,500,128001,False,0,x86_64,16777,100,20.88954847678542,144766,127989,18.790474670007825,18.790327072143555,749.0,,20.80990051291883,144766,127989,17.102993642911315,17.10280466079712,749.0,
1730397760.561803,hc-sj-ucq,1000,1730393544.258821,5.118236472945892,0.5,6,500,131291,False,0,x86_64,17687,100,21.906777618452907,148966,131279,18.821296075358987,18.82111167907715,794.0,,21.866043293848634,148966,131279,16.83310053125024,16.832929372787476,794.0,
1730397867.454932,hc-sj-ucq,1000,1730393544.258821,5.129258517034068,0.5,6,500,134666,False,0,x86_64,18567,100,22.35010001435876,153221,134654,19.42156265489757,19.42140817642212,844.0,,22.531192924827337,153221,134654,18.364320082589984,18.364156007766724,844.0,
1730397977.157263,hc-sj-ucq,1000,1730393544.258821,5.140280561122244,0.5,6,500,138127,False,0,x86_64,19483,100,22.818323522806168,157598,138115,18.22991656139493,18.22976541519165,887.0,,22.738111525774002,157598,138115,17.805660162121058,17.805490970611572,887.0,
1730398087.115837,hc-sj-ucq,1000,1730393544.258821,5.151302605210421,0.5,6,500,141678,False,0,x86_64,20511,100,23.401313411071897,162175,141664,19.085021687671542,19.08486795425415,948.0,,23.652744740247726,162175,141664,18.56809093989432,18.5679292678833,948.0,
1730398201.431404,hc-sj-ucq,1000,1730393544.258821,5.162324649298597,0.5,6,500,145319,False,0,x86_64,21565,100,24.382966097444296,166870,145305,20.19933992624283,20.199178218841553,1007.0,,23.826684223487973,166870,145305,18.657235946506262,18.657071590423584,1007.0,
1730398318.205141,hc-sj-ucq,1000,1730393544.258821,5.173346693386774,0.5,6,500,149055,False,0,x86_64,22631,100,24.791843749582767,171671,149040,21.183946568518877,21.18377947807312,1069.0,,24.68931574560702,171671,149040,20.512620197609067,20.512422561645508,1069.0,
1730398440.275289,hc-sj-ucq,1000,1730393544.258821,5.1843687374749505,0.5,6,500,152886,False,0,x86_64,23805,100,25.80682883039117,176676,152871,25.681025886908174,25.680851936340332,1128.0,,27.91343740001321,176676,152871,20.000511979684234,20.00033211708069,1128.0,
1730398572.655853,hc-sj-ucq,1000,1730393544.258821,5.195390781563127,0.5,6,500,156816,False,0,x86_64,25068,100,26.553326530382037,181869,156801,21.599430091679096,21.59925365447998,1191.0,,26.494666343554854,181869,156801,22.313562009483576,22.313369035720825,1191.0,
1730398702.67281,hc-sj-ucq,1000,1730393544.258821,5.206412825651303,0.5,6,500,160846,False,0,x86_64,26367,100,26.585596580058336,187198,160831,23.713611306622624,23.71341323852539,1260.0,,30.41507232002914,187198,160831,20.571144126355648,20.570961713790894,1260.0,
1730398845.38318,hc-sj-ucq,1000,1730393544.258821,5.2174348697394795,0.5,6,500,164981,False,0,x86_64,27718,100,27.526453098282218,192682,164964,22.600416611880064,22.600245237350464,1342.0,,27.80687684006989,192682,164964,24.410276256501675,24.41011142730713,1342.0,
1730398982.518485,hc-sj-ucq,1000,1730393544.258821,5.228456913827656,0.5,6,500,169222,False,0,x86_64,29171,100,28.93797965347767,198376,169205,24.743263496086,24.743101358413696,1435.0,,78.20000347681344,198376,169205,23.593693932518363,23.51333260536194,1435.0,
1730399310.312136,hc-sj-ucq,1000,1730393544.258821,5.239478957915832,0.5,6,500,173571,False,0,x86_64,30751,100,29.307609535753727,204304,173553,23.05530970916152,23.055104970932007,1519.0,,29.646300530061126,204304,173553,24.300925362855196,24.300769567489624,1519.0,
1730399456.098556,hc-sj-ucq,1000,1730393544.258821,5.250501002004008,0.5,6,500,178033,False,0,x86_64,32360,100,31.143980680033565,210375,178015,84.38902466371655,84.35430431365967,1590.0,,40.37617209739983,210375,178015,39.899974608793855,39.88819241523743,1590.0,
