instance timestamp,query,domain size,run id,itr exponent,itr start,itr end,itr num,tuples added,bag semantics,max bag size,processor,number_of_witnesses,lp_results: witness_computation_time,lp_results: number_of_witnesses,lp_results: number_of_tuples,lp_results: Solve Time,lp_results: Solver Solution Time,lp_results: GDP,lp_results: error,ilp_results: witness_computation_time,ilp_results: number_of_witnesses,ilp_results: number_of_tuples,ilp_results: Solve Time,ilp_results: Solver Solution Time,ilp_results: GDP,ilp_results: error
1730393558.33354,hc-sj-ucq,1000,1730393472.85962,2.7044088176352705,0.5,6,500,506,False,0,x86_64,2,0.14328880421817303,507,506,1.750606156885624,1.750399112701416,-505.0,,0.17577496729791164,507,506,1.9674778245389462,1.9673371315002441,-505.0,
1730393563.18338,hc-sj-ucq,1000,1730393472.85962,2.715430861723447,0.5,6,500,519,False,0,x86_64,2,0.1480435412377119,520,519,2.4776047840714455,2.477463483810425,-518.0,,0.18494979664683342,520,519,4.009960183873773,4.009816884994507,-518.0,
1730393570.732793,hc-sj-ucq,1000,1730393472.85962,2.7264529058116236,0.5,6,500,532,False,0,x86_64,2,0.15531592816114426,533,532,0.6321336813271046,0.6319832801818848,-531.0,,0.1879090964794159,533,532,2.2545863650739193,2.254434585571289,-531.0,
1730393574.654989,hc-sj-ucq,1000,1730393472.85962,2.7374749498998,0.5,6,500,546,False,0,x86_64,2,0.15743162296712399,547,546,0.9674293827265501,0.9672882556915283,-545.0,,0.1897389218211174,547,546,0.8174617104232311,0.8173110485076904,-545.0,
1730393577.295309,hc-sj-ucq,1000,1730393472.85962,2.748496993987976,0.5,6,500,560,False,0,x86_64,2,0.15932839177548885,561,560,2.0057486798614264,2.0055813789367676,-559.0,,0.1887658406049013,561,560,2.0460619870573282,2.045891284942627,-559.0,
1730393582.286498,hc-sj-ucq,1000,1730393472.85962,2.7595190380761525,0.5,6,500,574,False,0,x86_64,2,0.15387294813990593,575,574,2.5967892836779356,2.596646547317505,-573.0,,0.18713628873229027,575,574,0.9874351508915424,0.9872937202453613,-573.0,
1730393586.627802,hc-sj-ucq,1000,1730393472.85962,2.770541082164329,0.5,6,500,589,False,0,x86_64,2,0.16583653539419174,590,589,0.6579198185354471,0.6577632427215576,-588.0,,0.1956193931400776,590,589,1.7498232908546925,1.7496750354766846,-588.0,
1730393589.8251,hc-sj-ucq,1000,1730393472.85962,2.781563126252505,0.5,6,500,604,False,0,x86_64,2,0.16844911687076092,605,604,0.7271505352109671,0.7269959449768066,-603.0,,0.20125706307590008,605,604,0.6860373727977276,0.6858618259429932,-603.0,
1730393592.015699,hc-sj-ucq,1000,1730393472.85962,2.7925851703406814,0.5,6,500,620,False,0,x86_64,2,0.1702792141586542,621,620,1.0114817451685667,1.0113296508789062,-619.0,,0.2047278806567192,621,620,1.234464529901743,1.2343173027038574,-619.0,
1730393594.972461,hc-sj-ucq,1000,1730393472.85962,2.8036072144288577,0.5,6,500,636,False,0,x86_64,2,0.20576176047325134,637,636,1.0635065715759993,1.0633833408355713,-635.0,,0.2024342082440853,637,636,2.223657425493002,2.2234983444213867,-635.0,
1730393599.294271,hc-sj-ucq,1000,1730393472.85962,2.814629258517034,0.5,6,500,652,False,0,x86_64,2,0.17320281080901623,653,652,3.208247199654579,3.208104372024536,-651.0,,0.20682385377585888,653,652,2.695042347535491,2.6948728561401367,-651.0,
1730393606.135607,hc-sj-ucq,1000,1730393472.85962,2.8256513026052104,0.5,6,500,669,False,0,x86_64,2,0.1790362410247326,670,669,2.2931523248553276,2.2929811477661133,-668.0,,0.20079123601317406,670,669,2.9636469911783934,2.963510751724243,-668.0,
1730393612.445561,hc-sj-ucq,1000,1730393472.85962,2.836673346693387,0.5,6,500,686,False,0,x86_64,2,0.1796556208282709,687,686,1.6267365608364344,1.6265649795532227,-685.0,,0.21875274367630482,687,686,1.0186063274741173,1.0183565616607666,-685.0,
1730393615.998728,hc-sj-ucq,1000,1730393472.85962,2.8476953907815634,0.5,6,500,704,False,0,x86_64,2,0.18265350349247456,705,704,1.865904912352562,1.8657596111297607,-703.0,,0.21423157677054405,705,704,1.213772427290678,1.2136247158050537,-703.0,
1730393619.924263,hc-sj-ucq,1000,1730393472.85962,2.8587174348697397,0.5,6,500,722,False,0,x86_64,2,0.22880897112190723,723,722,0.9426081050187349,0.9424631595611572,-721.0,,0.22098925709724426,723,722,0.6127380486577749,0.6125726699829102,-721.0,
1730393622.422419,hc-sj-ucq,1000,1730393472.85962,2.869739478957916,0.5,6,500,740,False,0,x86_64,2,0.1795885693281889,741,740,0.8559035453945398,0.8557579517364502,-739.0,,0.2153003253042698,741,740,1.4304637350142002,1.4303207397460938,-739.0,
1730393625.60787,hc-sj-ucq,1000,1730393472.85962,2.8807615230460923,0.5,6,500,759,False,0,x86_64,2,0.1901621874421835,760,759,0.9857263099402189,0.9855670928955078,-758.0,,0.22245359048247337,760,759,1.4675459284335375,1.467391014099121,-758.0,
1730393629.06085,hc-sj-ucq,1000,1730393472.85962,2.8917835671342687,0.5,6,500,779,False,0,x86_64,2,0.19233266450464725,780,779,3.3238916974514723,3.3237264156341553,-778.0,,0.2269675750285387,780,779,5.101241946220398,5.101084232330322,-778.0,
1730393638.979247,hc-sj-ucq,1000,1730393472.85962,2.902805611222445,0.5,6,500,799,False,0,x86_64,2,0.19497656635940075,800,799,6.012825237587094,6.012685537338257,-798.0,,0.22349819168448448,800,799,1.750744266435504,1.7505958080291748,-798.0,
1730393647.780694,hc-sj-ucq,1000,1730393472.85962,2.9138276553106213,0.5,6,500,820,False,0,x86_64,2,0.19274169392883778,821,820,2.0639387015253305,2.0637857913970947,-819.0,,0.2229695450514555,821,820,1.9162050038576126,1.91605544090271,-819.0,
1730393652.680621,hc-sj-ucq,1000,1730393472.85962,2.9248496993987976,0.5,6,500,841,False,0,x86_64,2,0.20279863104224205,842,841,1.7834782879799604,1.783315658569336,-840.0,,0.2385264877229929,842,841,1.110278569161892,1.1101148128509521,-840.0,
1730393656.633632,hc-sj-ucq,1000,1730393472.85962,2.935871743486974,0.5,6,500,862,False,0,x86_64,4,0.20830618776381016,864,862,1.8686710353940725,1.868513822555542,-860.0,,0.2423830535262823,864,862,-1,-1,-1,PuLP: Error while trying to execute gurobi_cl
1730393660.856541,hc-sj-ucq,1000,1730393472.85962,2.9468937875751506,0.5,6,500,884,False,0,x86_64,4,0.21159128099679947,886,884,5.696377567946911,5.696237087249756,-882.0,,0.24199300445616245,886,884,1.695424571633339,1.6952722072601318,-882.0,
1730393669.483523,hc-sj-ucq,1000,1730393472.85962,2.957915831663327,0.5,6,500,907,False,0,x86_64,4,0.20642559975385666,909,907,3.3335253670811653,3.333376407623291,-905.0,,0.23549937084317207,909,907,1.6963317524641752,1.69618821144104,-905.0,
1730393675.449529,hc-sj-ucq,1000,1730393472.85962,2.9689378757515033,0.5,6,500,930,False,0,x86_64,4,0.20856446027755737,932,930,0.5978650487959385,0.5977206230163574,-928.0,,0.23871214501559734,932,930,1.1225368957966566,1.122389554977417,-928.0,
1730393678.061272,hc-sj-ucq,1000,1730393472.85962,2.9799599198396796,0.5,6,500,954,False,0,x86_64,4,0.21357185952365398,956,954,1.8414386827498674,1.8412978649139404,-952.0,,0.2461862713098526,956,954,1.326765701174736,1.326639175415039,-952.0,
1730393682.22881,hc-sj-ucq,1000,1730393472.85962,2.990981963927856,0.5,6,500,979,False,0,x86_64,4,0.21463055163621902,981,979,2.4440072923898697,2.4438555240631104,-977.0,,0.2508079092949629,981,979,3.109991170465946,3.1098430156707764,-977.0,
1730393688.801275,hc-sj-ucq,1000,1730393472.85962,3.002004008016032,0.5,6,500,1004,False,0,x86_64,4,0.21977741830050945,1006,1004,1.2464772090315819,1.246333122253418,-1002.0,,0.25129813328385353,1006,1004,5.015850005671382,5.015695333480835,-1002.0,
1730393696.121917,hc-sj-ucq,1000,1730393472.85962,3.0130260521042085,0.5,6,500,1030,False,0,x86_64,4,0.23447204753756523,1032,1030,1.870680594816804,1.8705101013183594,-1028.0,,0.2684834562242031,1032,1030,1.2619678918272257,1.2618250846862793,-1028.0,
1730393700.462698,hc-sj-ucq,1000,1730393472.85962,3.024048096192385,0.5,6,500,1056,False,0,x86_64,4,0.22870592400431633,1058,1056,1.4730048663914204,1.4728622436523438,-1054.0,,0.26121040619909763,1058,1056,1.3159567601978779,1.3157968521118164,-1054.0,
1730393704.546898,hc-sj-ucq,1000,1730393472.85962,3.035070140280561,0.5,6,500,1084,False,0,x86_64,4,0.23422568291425705,1086,1084,1.7736962884664536,1.773543119430542,-1082.0,,0.266905689612031,1086,1084,3.670569187030196,3.670424699783325,-1082.0,
1730393711.313943,hc-sj-ucq,1000,1730393472.85962,3.0460921843687374,0.5,6,500,1111,False,0,x86_64,4,0.2389146275818348,1113,1111,4.715013608336449,4.714859247207642,-1109.0,,0.2774884980171919,1113,1111,4.509831817820668,4.5096940994262695,-1109.0,
1730393721.951375,hc-sj-ucq,1000,1730393472.85962,3.057114228456914,0.5,6,500,1140,False,0,x86_64,4,0.2502732928842306,1142,1140,2.8100722581148148,2.8099210262298584,-1138.0,,0.2829619701951742,1142,1140,1.4855127036571503,1.4853384494781494,-1138.0,
1730393727.706917,hc-sj-ucq,1000,1730393472.85962,3.0681362725450905,0.5,6,500,1169,False,0,x86_64,4,0.2573551572859287,1171,1169,2.571542464196682,2.5713844299316406,-1167.0,,0.2768345959484577,1171,1169,1.0862202998250723,1.0860579013824463,-1167.0,
1730393732.561153,hc-sj-ucq,1000,1730393472.85962,3.079158316633267,0.5,6,500,1199,False,0,x86_64,4,0.25245089642703533,1201,1199,1.4756603688001633,1.4755215644836426,-1197.0,,0.28867068886756897,1201,1199,1.9476718101650476,1.9475152492523193,-1197.0,
1730393737.163639,hc-sj-ucq,1000,1730393472.85962,3.090180360721443,0.5,6,500,1230,False,0,x86_64,4,0.2577254865318537,1232,1230,1.3245242908596992,1.3243765830993652,-1228.0,,0.2883353214710951,1232,1230,4.189534800127149,4.189359903335571,-1228.0,
1730393744.349239,hc-sj-ucq,1000,1730393472.85962,3.1012024048096194,0.5,6,500,1262,False,0,x86_64,4,0.27028271555900574,1264,1262,1.94280987046659,1.9426512718200684,-1260.0,,0.3010950144380331,1264,1262,2.3182303681969643,2.318084955215454,-1260.0,
1730393750.026942,hc-sj-ucq,1000,1730393472.85962,3.1122244488977957,0.5,6,500,1294,False,0,x86_64,4,0.27665823325514793,1296,1294,2.2419560719281435,2.241798162460327,-1292.0,,0.2990983575582504,1296,1294,2.8021395429968834,2.801983594894409,-1292.0,
1730393756.482675,hc-sj-ucq,1000,1730393472.85962,3.123246492985972,0.5,6,500,1328,False,0,x86_64,4,0.28150768019258976,1330,1328,3.704097744077444,3.703941583633423,-1326.0,,0.31409941241145134,1330,1328,5.4272268787026405,5.42706036567688,-1326.0,
1730393767.242739,hc-sj-ucq,1000,1730393472.85962,3.1342685370741483,0.5,6,500,1362,False,0,x86_64,4,0.28826827369630337,1364,1362,-1,-1,-1,-1,PuLP: Error while trying to execute gurobi_cl,0.3240101132541895,1364,1362,2.5803851932287216,2.5802090167999268,-1360.0,
1730393772.533542,hc-sj-ucq,1000,1730393472.85962,3.1452905811623246,0.5,6,500,1397,False,0,x86_64,4,0.2837558463215828,1399,1397,3.307396424934268,3.307246208190918,-1395.0,,0.31466684862971306,1399,1397,1.174451706930995,1.1742970943450928,-1395.0,
1730393778.46294,hc-sj-ucq,1000,1730393472.85962,3.156312625250501,0.5,6,500,1433,False,0,x86_64,4,0.2917654197663069,1435,1433,0.8901982568204403,0.8900690078735352,-1431.0,,0.33113144896924496,1435,1433,1.7917909752577543,1.7916386127471924,-1431.0,
1730393782.482673,hc-sj-ucq,1000,1730393472.85962,3.1673346693386777,0.5,6,500,1470,False,0,x86_64,4,0.3039258234202862,1472,1470,3.747156038880348,3.7470011711120605,-1468.0,,0.3375852759927511,1472,1470,2.7847050800919533,2.7845566272735596,-1468.0,
1730393790.338568,hc-sj-ucq,1000,1730393472.85962,3.178356713426854,0.5,6,500,1507,False,0,x86_64,4,0.3023219611495733,1509,1507,2.596578950062394,2.5964207649230957,-1505.0,,0.35270857624709606,1509,1507,1.3274253718554974,1.327301263809204,-1505.0,
1730393795.58849,hc-sj-ucq,1000,1730393472.85962,3.1893787575150303,0.5,6,500,1546,False,0,x86_64,4,0.3179741557687521,1548,1546,3.027202544733882,3.0270416736602783,-1544.0,,0.3434582967311144,1548,1546,1.0125572010874748,1.0123801231384277,-1544.0,
1730393800.985036,hc-sj-ucq,1000,1730393472.85962,3.2004008016032066,0.5,6,500,1586,False,0,x86_64,4,0.32415107637643814,1588,1586,0.7498353719711304,0.7496926784515381,-1584.0,,0.37564090080559254,1588,1586,2.4626118019223213,2.4624805450439453,-1584.0,
1730393805.618528,hc-sj-ucq,1000,1730393472.85962,3.211422845691383,0.5,6,500,1627,False,0,x86_64,4,0.33054453134536743,1629,1627,4.385496784001589,4.385329484939575,-1625.0,,0.3563132882118225,1629,1627,4.235145939514041,4.234974145889282,-1625.0,
1730393816.047334,hc-sj-ucq,1000,1730393472.85962,3.2224448897795592,0.5,6,500,1668,False,0,x86_64,4,0.3299546428024769,1670,1668,2.5075481925159693,2.507418155670166,-1666.0,,0.3549018297344446,1670,1668,2.2340018656104803,2.2338531017303467,-1666.0,
1730393822.519769,hc-sj-ucq,1000,1730393472.85962,3.2334669338677355,0.5,6,500,1711,False,0,x86_64,6,0.33374219574034214,1713,1711,1.7106514405459166,1.7105040550231934,-1709.0,,0.3619807679206133,1713,1711,1.7922429572790861,1.792093276977539,-1709.0,
1730393827.367473,hc-sj-ucq,1000,1730393472.85962,3.244488977955912,0.5,6,500,1755,False,0,x86_64,6,0.34971637837588787,1757,1755,1.2887085434049368,1.2885632514953613,-1753.0,,0.3859033826738596,1757,1755,1.6517894677817822,1.651625394821167,-1753.0,
1730393831.846699,hc-sj-ucq,1000,1730393472.85962,3.255511022044088,0.5,6,500,1800,False,0,x86_64,6,0.35792255960404873,1802,1800,4.5325120240449905,4.532328367233276,-1798.0,,0.38432800583541393,1802,1800,1.829908361658454,1.8297717571258545,-1798.0,
1730393839.840436,hc-sj-ucq,1000,1730393472.85962,3.2665330661322645,0.5,6,500,1847,False,0,x86_64,6,0.35266274213790894,1849,1847,1.2972531970590353,1.297093391418457,-1845.0,,0.39534251764416695,1849,1847,2.1902275793254375,2.1900761127471924,-1845.0,
1730393844.763893,hc-sj-ucq,1000,1730393472.85962,3.277555110220441,0.5,6,500,1894,False,0,x86_64,6,0.373929338529706,1896,1894,1.6837706565856934,1.6836354732513428,-1892.0,,0.40013002045452595,1896,1894,2.067352233454585,2.067197799682617,-1892.0,
1730393850.064475,hc-sj-ucq,1000,1730393472.85962,3.2885771543086175,0.5,6,500,1943,False,0,x86_64,6,0.37510746344923973,1945,1943,2.920764112845063,2.920623302459717,-1941.0,,0.4093658924102783,1945,1943,3.2236095909029245,3.2234721183776855,-1941.0,
1730393858.271634,hc-sj-ucq,1000,1730393472.85962,3.299599198396794,0.5,6,500,1993,False,0,x86_64,6,0.3888828158378601,1995,1993,2.7715099304914474,2.7713534832000732,-1991.0,,0.40311725437641144,1995,1993,2.751527227461338,2.7513742446899414,-1991.0,
1730393865.643464,hc-sj-ucq,1000,1730393472.85962,3.31062124248497,0.5,6,500,2044,False,0,x86_64,6,0.3860416579991579,2046,2044,1.468864968046546,1.4687378406524658,-2042.0,,0.4138579908758402,2046,2044,1.6328490562736988,1.6326887607574463,-2042.0,
1730393870.228163,hc-sj-ucq,1000,1730393472.85962,3.3216432865731464,0.5,6,500,2097,False,0,x86_64,8,0.3943340517580509,2100,2097,3.520061591640115,3.519904613494873,-2094.0,,0.42251470126211643,2100,2097,2.2182239796966314,2.2180888652801514,-2094.0,
1730393877.742283,hc-sj-ucq,1000,1730393472.85962,3.3326653306613228,0.5,6,500,2151,False,0,x86_64,8,0.4026751760393381,2154,2151,3.3519392050802708,3.3517887592315674,-2148.0,,0.425016850233078,2154,2151,1.9279378484934568,1.9277904033660889,-2148.0,
1730393884.796265,hc-sj-ucq,1000,1730393472.85962,3.343687374749499,0.5,6,500,2206,False,0,x86_64,8,0.42225288413465023,2209,2206,1.8625935092568398,1.862440586090088,-2203.0,,0.44733630307018757,2209,2206,2.955528227612376,2.955368995666504,-2203.0,
1730393891.263638,hc-sj-ucq,1000,1730393472.85962,3.3547094188376754,0.5,6,500,2263,False,0,x86_64,9,0.43331995978951454,2266,2263,3.315040495246649,3.3149075508117676,-2260.0,,0.46093222312629223,2266,2263,2.696227390319109,2.696068525314331,-2260.0,
1730393899.255244,hc-sj-ucq,1000,1730393472.85962,3.3657314629258517,0.5,6,500,2321,False,0,x86_64,10,0.4425780866295099,2324,2321,4.16999701038003,4.1698338985443115,-2318.0,,0.4494516160339117,2324,2321,1.7892396319657564,1.7891108989715576,-2318.0,
1730393907.137876,hc-sj-ucq,1000,1730393472.85962,3.3767535070140284,0.5,6,500,2380,False,0,x86_64,10,0.45385489240288734,2383,2380,3.288122523576021,3.2879621982574463,-2377.0,,0.4744664281606674,2383,2380,2.6316431518644094,2.63150954246521,-2377.0,
1730393915.07849,hc-sj-ucq,1000,1730393472.85962,3.3877755511022047,0.5,6,500,2442,False,0,x86_64,10,0.44792241230607033,2445,2442,1.5974730532616377,1.5973143577575684,-2439.0,,0.47208040580153465,2445,2442,-1,-1,-1,PuLP: Error while trying to execute gurobi_cl
1730393920.098323,hc-sj-ucq,1000,1730393472.85962,3.398797595190381,0.5,6,500,2504,False,0,x86_64,11,0.5085242483764887,2507,2504,1.34935481287539,1.3492302894592285,-2501.0,,0.48765917494893074,2507,2504,1.1731360256671906,1.1729786396026611,-2501.0,
1730393924.605967,hc-sj-ucq,1000,1730393472.85962,3.4098196392785574,0.5,6,500,2569,False,0,x86_64,12,0.4807038623839617,2572,2569,1.412012604996562,1.4118680953979492,-2566.0,,0.5068146083503962,2572,2569,2.7633091658353806,2.7631378173828125,-2566.0,
1730393930.653171,hc-sj-ucq,1000,1730393472.85962,3.4208416833667337,0.5,6,500,2635,False,0,x86_64,12,0.4792435895651579,2638,2635,1.0828138384968042,1.082693338394165,-2632.0,,0.49342666380107403,2638,2635,2.165464671328664,2.165313243865967,-2632.0,
1730393935.78814,hc-sj-ucq,1000,1730393472.85962,3.43186372745491,0.5,6,500,2703,False,0,x86_64,12,0.49333406798541546,2706,2703,2.627411115914583,2.6272847652435303,-2700.0,,0.5117440335452557,2706,2703,1.106455085799098,1.1062984466552734,-2700.0,
1730393941.581858,hc-sj-ucq,1000,1730393472.85962,3.4428857715430863,0.5,6,500,2772,False,0,x86_64,13,0.5017746388912201,2775,2772,0.9668091312050819,0.9666876792907715,-2769.0,,0.5252657048404217,2775,2772,1.9232222903519869,1.9230866432189941,-2769.0,
1730393946.372443,hc-sj-ucq,1000,1730393472.85962,3.4539078156312626,0.5,6,500,2843,False,0,x86_64,16,0.5145082846283913,2847,2843,4.184319477528334,4.184198617935181,-2839.0,,0.5329795200377703,2847,2843,2.245071792975068,2.2449231147766113,-2839.0,
1730393954.833413,hc-sj-ucq,1000,1730393472.85962,3.464929859719439,0.5,6,500,2916,False,0,x86_64,17,0.521183617413044,2920,2916,1.725212311372161,1.7250933647155762,-2912.0,,0.5464274603873491,2920,2916,1.878543447703123,1.8783900737762451,-2912.0,
1730393960.445542,hc-sj-ucq,1000,1730393472.85962,3.475951903807615,0.5,6,500,2991,False,0,x86_64,17,0.5389441642910242,2995,2991,4.403077872470021,4.402954578399658,-2987.0,,0.5585198570042849,2995,2991,1.5092869214713573,1.5091276168823242,-2987.0,
1730393968.357168,hc-sj-ucq,1000,1730393472.85962,3.486973947895792,0.5,6,500,3068,False,0,x86_64,17,0.5486139599233866,3072,3068,2.313118638470769,2.3130075931549072,-3064.0,,0.5618130397051573,3072,3068,1.4521355982869864,1.4519999027252197,-3064.0,
1730393974.16633,hc-sj-ucq,1000,1730393472.85962,3.4979959919839683,0.5,6,500,3147,False,0,x86_64,18,0.5740630142390728,3151,3147,1.292213900014758,1.2920799255371094,-3143.0,,0.5904307719320059,3151,3147,1.2519207950681448,1.251755714416504,-3143.0,
1730393979.030083,hc-sj-ucq,1000,1730393472.85962,3.5090180360721446,0.5,6,500,3228,False,0,x86_64,18,0.62234066426754,3232,3228,0.8585913963615894,0.8584628105163574,-3224.0,,0.6036158315837383,3232,3228,1.2109464854002,1.2107927799224854,-3224.0,
1730393983.22687,hc-sj-ucq,1000,1730393472.85962,3.520040080160321,0.5,6,500,3311,False,0,x86_64,18,0.5979267507791519,3315,3311,1.4437576793134212,1.4436273574829102,-3307.0,,0.6217595525085926,3315,3311,-1,-1,-1,PuLP: Error while trying to execute gurobi_cl
1730393987.469065,hc-sj-ucq,1000,1730393472.85962,3.531062124248497,0.5,6,500,3396,False,0,x86_64,18,0.6013462636619806,3400,3396,2.2433760706335306,2.243220090866089,-3392.0,,0.6130698472261429,3400,3396,1.8088695853948593,1.8087494373321533,-3392.0,
1730393993.559328,hc-sj-ucq,1000,1730393472.85962,3.5420841683366735,0.5,6,500,3484,False,0,x86_64,18,0.6133845280855894,3488,3484,2.476667694747448,2.476536989212036,-3480.0,,0.6302855610847473,3488,3484,2.094013672322035,2.093869924545288,-3480.0,
1730394000.333905,hc-sj-ucq,1000,1730393472.85962,3.55310621242485,0.5,6,500,3573,False,0,x86_64,18,0.6380251403898001,3577,3573,2.720139244571328,2.7200286388397217,-3569.0,,0.640648266300559,3577,3573,4.921786529943347,4.921655654907227,-3569.0,
1730394010.431932,hc-sj-ucq,1000,1730393472.85962,3.564128256513026,0.5,6,500,3665,False,0,x86_64,18,0.6791169121861458,3669,3665,4.6382150910794735,4.638089179992676,-3661.0,,0.6717006005346775,3669,3665,1.9668775722384453,1.966747760772705,-3661.0,
1730394020.00097,hc-sj-ucq,1000,1730393472.85962,3.5751503006012024,0.5,6,500,3759,False,0,x86_64,19,0.6572718061506748,3763,3759,1.5905362032353878,1.5903866291046143,-3755.0,,0.7205704413354397,3763,3759,2.254037892445922,2.2539029121398926,-3755.0,
1730394026.622932,hc-sj-ucq,1000,1730393472.85962,3.5861723446893787,0.5,6,500,3856,False,0,x86_64,20,0.6738770194351673,3860,3856,2.725816447287798,2.725695848464966,-3852.0,,0.6831447891891003,3860,3856,1.6813833937048912,1.6812467575073242,-3852.0,
1730394033.550152,hc-sj-ucq,1000,1730393472.85962,3.5971943887775555,0.5,6,500,3955,False,0,x86_64,21,0.6869175881147385,3959,3955,0.9315240569412708,0.9314117431640625,-3951.0,,0.7149388529360294,3959,3955,1.6125222314149141,1.6123902797698975,-3951.0,
1730394038.44802,hc-sj-ucq,1000,1730393472.85962,3.608216432865732,0.5,6,500,4057,False,0,x86_64,21,0.7092630714178085,4061,4057,1.3019921146333218,1.3018543720245361,-4053.0,,0.7276029027998447,4061,4057,1.1779006589204073,1.177736520767212,-4053.0,
1730394043.443131,hc-sj-ucq,1000,1730393472.85962,3.619238476953908,0.5,6,500,4161,False,0,x86_64,21,0.7584550138562918,4165,4161,0.989440431818366,0.9893150329589844,-4157.0,,0.7334050554782152,4165,4161,1.6917761899530888,1.6916463375091553,-4157.0,
1730394048.628211,hc-sj-ucq,1000,1730393472.85962,3.6302605210420844,0.5,6,500,4268,False,0,x86_64,23,0.7253457475453615,4273,4268,1.0301855467259884,1.0300724506378174,-4263.0,,0.752698777243495,4273,4268,0.8396399971097708,0.8395004272460938,-4263.0,
1730394052.893949,hc-sj-ucq,1000,1730393472.85962,3.6412825651302607,0.5,6,500,4378,False,0,x86_64,23,0.7262470871210098,4383,4378,1.0156929325312376,1.0155878067016602,-4373.0,,0.7717765588313341,4383,4378,1.5465609524399042,1.546442985534668,-4373.0,
1730394057.865205,hc-sj-ucq,1000,1730393472.85962,3.652304609218437,0.5,6,500,4490,False,0,x86_64,23,0.7578191105276346,4495,4490,2.0246319491416216,2.024515390396118,-4485.0,,0.7987155355513096,4495,4490,2.04208143055439,2.041964530944824,-4485.0,
1730394064.557682,hc-sj-ucq,1000,1730393472.85962,3.6633266533066133,0.5,6,500,4606,False,0,x86_64,26,0.7894903402775526,4611,4606,2.4547431226819754,2.454615354537964,-4601.0,,0.8077899441123009,4611,4606,2.1583443135023117,2.1582016944885254,-4601.0,
1730394071.932933,hc-sj-ucq,1000,1730393472.85962,3.6743486973947896,0.5,6,500,4724,False,0,x86_64,27,0.83303477242589,4729,4724,0.9794399123638868,0.9793193340301514,-4719.0,,0.8291248474270105,4729,4724,1.2553396634757519,1.2552227973937988,-4719.0,
1730394076.91668,hc-sj-ucq,1000,1730393472.85962,3.685370741482966,0.5,6,500,4845,False,0,x86_64,27,0.8223343472927809,4850,4845,1.3614094369113445,1.3612613677978516,-4840.0,,0.8458163067698479,4850,4845,2.2837450467050076,2.2836267948150635,-4840.0,
1730394083.483502,hc-sj-ucq,1000,1730393472.85962,3.6963927855711423,0.5,6,500,4970,False,0,x86_64,27,0.8405925966799259,4975,4970,2.224700575694442,2.2245640754699707,-4965.0,,0.8636970352381468,4975,4970,2.122044187039137,2.1219186782836914,-4965.0,
1730394090.879228,hc-sj-ucq,1000,1730393472.85962,3.707414829659319,0.5,6,500,5098,False,0,x86_64,28,0.8520752731710672,5103,5098,2.1159080490469933,2.1157898902893066,-5093.0,,0.877976918593049,5103,5098,2.00969254784286,2.0095696449279785,-5093.0,
1730394098.085786,hc-sj-ucq,1000,1730393472.85962,3.7184368737474953,0.5,6,500,5229,False,0,x86_64,28,0.8636707533150911,5234,5229,2.965272855013609,2.9651498794555664,-5224.0,,0.8930610828101635,5234,5229,1.4198743160814047,1.4197306632995605,-5224.0,
1730394105.776186,hc-sj-ucq,1000,1730393472.85962,3.7294589178356716,0.5,6,500,5363,False,0,x86_64,28,0.889838419854641,5368,5363,1.3944346271455288,1.3943088054656982,-5358.0,,0.9155743569135666,5368,5363,2.4015117324888706,2.401359796524048,-5358.0,
1730394112.669653,hc-sj-ucq,1000,1730393472.85962,3.740480961923848,0.5,6,500,5501,False,0,x86_64,28,0.9038329254835844,5506,5501,1.962830077856779,1.962702989578247,-5496.0,,0.9641697145998478,5506,5501,1.5312661193311214,1.5311384201049805,-5496.0,
1730394119.248468,hc-sj-ucq,1000,1730393472.85962,3.7515030060120242,0.5,6,500,5642,False,0,x86_64,31,0.9310367107391357,5647,5642,1.2744759507477283,1.2743566036224365,-5637.0,,0.9603846166282892,5647,5642,1.6618548147380352,1.6617052555084229,-5637.0,
1730394125.356647,hc-sj-ucq,1000,1730393472.85962,3.7625250501002006,0.5,6,500,5787,False,0,x86_64,32,0.9509811252355576,5792,5787,1.443320669233799,1.4431984424591064,-5782.0,,0.9748802520334721,5792,5787,1.5205937065184116,1.520477294921875,-5782.0,
1730394131.790507,hc-sj-ucq,1000,1730393472.85962,3.773547094188377,0.5,6,500,5936,False,0,x86_64,34,0.9659691862761974,5941,5936,2.965542869642377,2.9654195308685303,-5931.0,,0.9687859769910574,5941,5936,2.3211526684463024,2.3210251331329346,-5931.0,
1730394140.605777,hc-sj-ucq,1000,1730393472.85962,3.784569138276553,0.5,6,500,6089,False,0,x86_64,41,0.9689694344997406,6094,6089,1.7328707613050938,1.7327489852905273,-6084.0,,1.0069395955651999,6094,6089,2.405607335269451,2.4054901599884033,-6084.0,
1730394148.47526,hc-sj-ucq,1000,1730393472.85962,3.7955911823647295,0.5,6,500,6245,False,0,x86_64,41,1.014258423820138,6250,6245,2.3146809469908476,2.31455135345459,-6240.0,,1.0826040972024202,6250,6245,1.6891177762299776,1.6889941692352295,-6240.0,
1730394156.069284,hc-sj-ucq,1000,1730393472.85962,3.806613226452906,0.5,6,500,6406,False,0,x86_64,44,1.0347255244851112,6411,6406,2.0657833851873875,2.0656588077545166,-6401.0,,1.0606227349489927,6411,6406,2.813270427286625,2.8131539821624756,-6401.0,
1730394164.685853,hc-sj-ucq,1000,1730393472.85962,3.8176352705410825,0.5,6,500,6571,False,0,x86_64,47,1.0445309970527887,6576,6571,-1,-1,-1,-1,PuLP: Error while trying to execute gurobi_cl,1.0891319885849953,6576,6571,1.89096493832767,1.8908374309539795,-6566.0,
1730394171.092074,hc-sj-ucq,1000,1730393472.85962,3.828657314629259,0.5,6,500,6739,False,0,x86_64,52,1.0937028769403696,6745,6739,2.5692171417176723,2.5690712928771973,-6733.0,,1.1033427771180868,6745,6739,2.6466216444969177,2.646502733230591,-6733.0,
1730394180.113681,hc-sj-ucq,1000,1730393472.85962,3.839679358717435,0.5,6,500,6913,False,0,x86_64,55,1.0815777573734522,6919,6913,3.38457396812737,3.384441614151001,-6907.0,,1.1241930928081274,6919,6913,1.8168284092098475,1.8166866302490234,-6907.0,
1730394189.209285,hc-sj-ucq,1000,1730393472.85962,3.8507014028056115,0.5,6,500,7090,False,0,x86_64,57,1.1540530733764172,7096,7090,1.661665577441454,1.6615428924560547,-7084.0,,1.163264548406005,7096,7090,1.6050164587795734,1.604884147644043,-7084.0,
1730394196.566171,hc-sj-ucq,1000,1730393472.85962,3.8617234468937878,0.5,6,500,7273,False,0,x86_64,62,1.1589732840657234,7280,7273,1.6250065993517637,1.6248822212219238,-7266.0,,1.1913589034229517,7280,7273,2.058270949870348,2.0581607818603516,-7266.0,
1730394204.35948,hc-sj-ucq,1000,1730393472.85962,3.872745490981964,0.5,6,500,7460,False,0,x86_64,66,1.1795785166323185,7468,7460,3.859477113932371,3.8593552112579346,-7452.0,,1.2063418328762054,7468,7460,1.3878083676099777,1.3876910209655762,-7452.0,
1730394213.662798,hc-sj-ucq,1000,1730393472.85962,3.8837675350701404,0.5,6,500,7651,False,0,x86_64,68,1.210438285022974,7659,7651,1.4627971071749926,1.4626874923706055,-7643.0,,1.248160969465971,7659,7651,1.6481059342622757,1.647981882095337,-7643.0,
1730394221.065033,hc-sj-ucq,1000,1730393472.85962,3.8947895791583167,0.5,6,500,7848,False,0,x86_64,71,1.2220437228679657,7856,7848,2.397317061200738,2.397178888320923,-7840.0,,1.2607979886233807,7856,7848,2.1933536045253277,2.193222761154175,-7840.0,
1730394229.873824,hc-sj-ucq,1000,1730393472.85962,3.905811623246493,0.5,6,500,8050,False,0,x86_64,73,1.2961595226079226,8058,8050,1.5873557552695274,1.5872290134429932,-8042.0,,1.295735890045762,8058,8050,1.7884041499346495,1.7882788181304932,-8042.0,
1730394237.599855,hc-sj-ucq,1000,1730393472.85962,3.9168336673346693,0.5,6,500,8257,False,0,x86_64,78,1.2978657856583595,8265,8257,2.09217038564384,2.0920236110687256,-8249.0,,1.3198376949876547,8265,8257,1.7565487138926983,1.7564351558685303,-8249.0,
1730394245.85342,hc-sj-ucq,1000,1730393472.85962,3.927855711422846,0.5,6,500,8469,False,0,x86_64,83,1.3642697390168905,8477,8469,1.843377998098731,1.8432421684265137,-8461.0,,1.3548757508397102,8477,8469,2.3460799623280764,2.3459625244140625,-8461.0,
1730394254.502493,hc-sj-ucq,1000,1730393472.85962,3.9388777555110224,0.5,6,500,8687,False,0,x86_64,87,1.358527772128582,8695,8687,2.2560770493000746,2.2559549808502197,-8679.0,,1.3823647499084473,8695,8687,1.5940095912665129,1.5938897132873535,-8679.0,
1730394262.979419,hc-sj-ucq,1000,1730393472.85962,3.9498997995991987,0.5,6,500,8910,False,0,x86_64,90,1.3929199483245611,8918,8910,1.2504924032837152,1.2503745555877686,-8902.0,,1.3723953235894442,8918,8910,1.170933559536934,1.1708078384399414,-8902.0,
1730394270.041744,hc-sj-ucq,1000,1730393472.85962,3.960921843687375,0.5,6,500,9139,False,0,x86_64,95,1.399563580751419,9147,9139,2.3114409521222115,2.3113210201263428,-9131.0,,1.4394959229975939,9147,9139,1.863233171403408,1.8631138801574707,-9131.0,
1730394279.061291,hc-sj-ucq,1000,1730393472.85962,3.9719438877755513,0.5,6,500,9374,False,0,x86_64,96,1.4453524369746447,9382,9374,1.4698955547064543,1.469761848449707,-9366.0,,1.4923696294426918,9382,9374,3.8778761569410563,3.877734422683716,-9366.0,
1730394289.464156,hc-sj-ucq,1000,1730393472.85962,3.9829659318637276,0.5,6,500,9615,False,0,x86_64,103,1.4508159905672073,9624,9615,1.3469039220362902,1.3467843532562256,-9606.0,,1.5013338401913643,9624,9615,1.3101067747920752,1.309985876083374,-9606.0,
1730394297.171132,hc-sj-ucq,1000,1730393472.85962,3.993987975951904,0.5,6,500,9862,False,0,x86_64,105,1.508383709937334,9871,9862,2.6619330178946257,2.661815881729126,-9853.0,,1.5926948953419924,9871,9862,1.8251048903912306,1.8249671459197998,-9853.0,
1730394306.94501,hc-sj-ucq,1000,1730393472.85962,4.00501002004008,0.5,6,500,10116,False,0,x86_64,112,1.5847447216510773,10125,10116,1.8458529766649008,1.845729112625122,-10107.0,,1.5655354149639606,10125,10116,2.487878853455186,2.487762689590454,-10107.0,
1730394316.679086,hc-sj-ucq,1000,1730393472.85962,4.0160320641282565,0.5,6,500,10376,False,0,x86_64,115,1.5558780264109373,10385,10376,2.0679156072437763,2.0678021907806396,-10367.0,,1.5873083919286728,10385,10376,2.4902445282787085,2.490131139755249,-10367.0,
1730394326.459345,hc-sj-ucq,1000,1730393472.85962,4.027054108216433,0.5,6,500,10642,False,0,x86_64,121,1.5940200630575418,10651,10642,1.3448439221829176,1.344726324081421,-10633.0,,1.5505532920360565,10651,10642,2.1963294818997383,2.196211814880371,-10633.0,
1730394335.388686,hc-sj-ucq,1000,1730393472.85962,4.03807615230461,0.5,6,500,10916,False,0,x86_64,127,1.6257998198270798,10925,10916,1.895415848121047,1.8953115940093994,-10907.0,,1.66528095677495,10925,10916,1.7564994618296623,1.7563931941986084,-10907.0,
1730394344.630695,hc-sj-ucq,1000,1730393472.85962,4.0490981963927855,0.5,6,500,11196,False,0,x86_64,133,1.6743335854262114,11205,11196,2.5546278450638056,2.5545172691345215,-11187.0,,1.7044100053608418,11205,11196,2.422653203830123,2.4225473403930664,-11187.0,
1730394355.263772,hc-sj-ucq,1000,1730393472.85962,4.060120240480963,0.5,6,500,11484,False,0,x86_64,139,1.7485064808279276,11493,11484,2.175211939960718,2.17510724067688,-11475.0,,1.7973442450165749,11493,11484,2.4338260907679796,2.4337058067321777,-11475.0,
1730394365.899916,hc-sj-ucq,1000,1730393472.85962,4.071142284569138,0.5,6,500,11779,False,0,x86_64,146,1.7733271028846502,11788,11779,2.0839140955358744,2.0837669372558594,-11770.0,,1.8052162248641253,11788,11779,3.689458968117833,3.6893372535705566,-11770.0,
1730394377.787041,hc-sj-ucq,1000,1730393472.85962,4.082164328657315,0.5,6,500,12082,False,0,x86_64,165,1.8010820765048265,12093,12082,2.0840090848505497,2.0838959217071533,-12071.0,,1.8530243542045355,12093,12082,1.8135179821401834,1.813389539718628,-12071.0,
1730394388.220402,hc-sj-ucq,1000,1730393472.85962,4.093186372745491,0.5,6,500,12393,False,0,x86_64,171,1.8846783749759197,12404,12393,2.0868070144206285,2.0866901874542236,-12382.0,,1.8769440464675426,12404,12393,2.080700224265456,2.080589532852173,-12382.0,
1730394398.763065,hc-sj-ucq,1000,1730393472.85962,4.104208416833668,0.5,6,500,12711,False,0,x86_64,180,1.8882343396544456,12722,12711,1.716371251270175,1.716261625289917,-12700.0,,1.98988501355052,12722,12711,4.111007181927562,4.1108832359313965,-12700.0,
1730394411.265088,hc-sj-ucq,1000,1730393472.85962,4.115230460921843,0.5,6,500,13038,False,0,x86_64,190,1.9157398864626884,13049,13038,1.6408090386539698,1.640697956085205,-13027.0,,2.0128123350441456,13049,13038,1.678798284381628,1.678661584854126,-13027.0,
1730394421.217421,hc-sj-ucq,1000,1730393472.85962,4.1262525050100205,0.5,6,500,13373,False,0,x86_64,196,1.9840579181909561,13384,13373,1.7578557506203651,1.757744312286377,-13362.0,,2.0365931186825037,13384,13373,1.684529623016715,1.6844122409820557,-13362.0,
1730394431.417802,hc-sj-ucq,1000,1730393472.85962,4.137274549098197,0.5,6,500,13717,False,0,x86_64,201,2.0311915036290884,13728,13717,1.8013452962040901,1.8012199401855469,-13706.0,,2.133480289950967,13728,13717,1.6401688233017921,1.6400656700134277,-13706.0,
1730394441.839564,hc-sj-ucq,1000,1730393472.85962,4.148296593186373,0.5,6,500,14070,False,0,x86_64,207,2.0586490407586098,14081,14070,2.5590786654502153,2.558964967727661,-14059.0,,2.1444950364530087,14081,14070,1.482830697670579,1.4827170372009277,-14059.0,
1730394452.860372,hc-sj-ucq,1000,1730393472.85962,4.159318637274549,0.5,6,500,14431,False,0,x86_64,222,2.1231834404170513,14442,14431,1.6399237886071205,1.6398122310638428,-14420.0,,2.1591861080378294,14442,14431,1.9174745921045542,1.9173669815063477,-14420.0,
1730394463.469216,hc-sj-ucq,1000,1730393472.85962,4.170340681362726,0.5,6,500,14802,False,0,x86_64,230,2.199774904176593,14813,14802,2.8692518528550863,2.86913800239563,-14791.0,,2.262810591608286,14813,14802,4.116515267640352,4.1164000034332275,-14791.0,
1730394477.895945,hc-sj-ucq,1000,1730393472.85962,4.181362725450902,0.5,6,500,15183,False,0,x86_64,243,2.2761603239923716,15197,15183,2.8794382754713297,2.8793082237243652,-15170.0,,2.300243379548192,15197,15183,2.130189634859562,2.13004994392395,-15170.0,
1730394490.754044,hc-sj-ucq,1000,1730393472.85962,4.192384769539078,0.5,6,500,15573,False,0,x86_64,265,2.287188393995166,15588,15573,2.5584107786417007,2.5582973957061768,-15559.0,,2.322239175438881,15588,15573,2.06232245080173,2.062206745147705,-15559.0,
1730394503.06455,hc-sj-ucq,1000,1730393472.85962,4.203406813627255,0.5,6,500,15973,False,0,x86_64,274,2.4056633058935404,15989,15973,2.769267540425062,2.769124746322632,-15959.0,,2.4777417946606874,15989,15973,3.0627248380333185,3.0625832080841064,-15959.0,
1730394517.198569,hc-sj-ucq,1000,1730393472.85962,4.214428857715431,0.5,6,500,16384,False,0,x86_64,283,2.439158409833908,16400,16384,1.7321869228035212,1.7320706844329834,-16370.0,,2.4509897399693727,16400,16384,2.4904245287179947,2.4903030395507812,-16370.0,
1730394530.030668,hc-sj-ucq,1000,1730393472.85962,4.225450901803607,0.5,6,500,16805,False,0,x86_64,303,2.484060499817133,16823,16805,2.1170197315514088,2.1169040203094482,-16789.0,,2.565065558999777,16823,16805,3.226071650162339,3.2259445190429688,-16789.0,
1730394543.695335,hc-sj-ucq,1000,1730393472.85962,4.236472945891784,0.5,6,500,17237,False,0,x86_64,317,2.5930769834667444,17255,17237,2.9424361661076546,2.9423177242279053,-17221.0,,2.5920296367257833,17255,17237,2.9430473279207945,2.9429333209991455,-17221.0,
1730394558.325905,hc-sj-ucq,1000,1730393472.85962,4.247494989979961,0.5,6,500,17680,False,0,x86_64,333,2.560408065095544,17699,17680,3.0444522202014923,3.0443339347839355,-17663.0,,2.6271485798060894,17699,17680,2.96386350505054,2.963752508163452,-17663.0,
1730394572.992968,hc-sj-ucq,1000,1730393472.85962,4.258517034068136,0.5,6,500,18134,False,0,x86_64,353,2.6702210288494825,18153,18134,2.413834799081087,2.4136910438537598,-18117.0,,2.779005728662014,18153,18134,2.3479255754500628,2.3477959632873535,-18117.0,
1730394586.892671,hc-sj-ucq,1000,1730393472.85962,4.269539078156313,0.5,6,500,18601,False,0,x86_64,364,2.6871931571513414,18621,18601,2.67007477581501,2.669954776763916,-18583.0,,2.8163461945950985,18621,18601,2.2779599092900753,2.277836799621582,-18583.0,
1730394601.062394,hc-sj-ucq,1000,1730393472.85962,4.280561122244489,0.5,6,500,19079,False,0,x86_64,381,2.808169486001134,19102,19079,2.847844321280718,2.8477025032043457,-19059.0,,2.897391749545932,19102,19079,2.3655836079269648,2.3654377460479736,-19059.0,
1730394615.63783,hc-sj-ucq,1000,1730393472.85962,4.291583166332666,0.5,6,500,19569,False,0,x86_64,405,2.904677592217922,19592,19569,2.2525216694921255,2.252408981323242,-19549.0,,2.8341102357953787,19592,19569,2.380316087976098,2.380188465118408,-19549.0,
1730394629.831401,hc-sj-ucq,1000,1730393472.85962,4.302605210420841,0.5,6,500,20072,False,0,x86_64,427,2.9661032296717167,20096,20072,2.671581467613578,2.6714630126953125,-20052.0,,3.00036589987576,20096,20072,2.6635115519165993,2.663386821746826,-20052.0,
1730394645.158383,hc-sj-ucq,1000,1730393472.85962,4.313627254509019,0.5,6,500,20588,False,0,x86_64,451,2.983314424753189,20615,20588,3.1092491783201694,3.1091315746307373,-20567.0,,3.0565980691462755,20615,20588,3.9660869892686605,3.9659712314605713,-20567.0,
1730394662.488664,hc-sj-ucq,1000,1730393472.85962,4.324649298597194,0.5,6,500,21117,False,0,x86_64,478,3.098857693374157,21146,21117,2.7998627070337534,2.799752712249756,-21094.0,,3.1062617357820272,21146,21117,2.9330653622746468,2.9329495429992676,-21094.0,
1730394678.910002,hc-sj-ucq,1000,1730393472.85962,4.335671342685371,0.5,6,500,21660,False,0,x86_64,510,3.161772547289729,21692,21660,5.116536974906921,5.116414308547974,-21635.0,,3.2043905332684517,21692,21660,3.2673943787813187,3.267258882522583,-21635.0,
1730394697.929629,hc-sj-ucq,1000,1730393472.85962,4.346693386773547,0.5,6,500,22217,False,0,x86_64,530,3.260593796148896,22249,22217,3.6863977797329426,3.6862802505493164,-22192.0,,3.2835057210177183,22249,22217,3.1317215841263533,3.131608724594116,-22192.0,
1730394715.961605,hc-sj-ucq,1000,1730393472.85962,4.357715430861724,0.5,6,500,22788,False,0,x86_64,557,3.31862679310143,22820,22788,3.4951971117407084,3.495084524154663,-22763.0,,3.388609202578664,22820,22788,4.3457368686795235,4.345463752746582,-22763.0,
1730394735.120703,hc-sj-ucq,1000,1730393472.85962,4.3687374749499,0.5,6,500,23374,False,0,x86_64,589,3.3972924035042524,23406,23374,3.6693019960075617,3.669177770614624,-23349.0,,3.4165621958673,23406,23374,2.6822834443300962,2.6821794509887695,-23349.0,
1730394752.70209,hc-sj-ucq,1000,1730393472.85962,4.3797595190380765,0.5,6,500,23975,False,0,x86_64,621,3.4276237562298775,24009,23975,3.1018933933228254,3.1017906665802,-23950.0,,3.5210356134921312,24009,23975,3.3177715931087732,3.317659378051758,-23950.0,
1730394770.973872,hc-sj-ucq,1000,1730393472.85962,4.390781563126253,0.5,6,500,24591,False,0,x86_64,654,3.5233093202114105,24627,24591,2.9372650161385536,2.937159538269043,-24566.0,,3.6736918222159147,24627,24591,4.342472078278661,4.342324256896973,-24566.0,
1730394790.208286,hc-sj-ucq,1000,1730393472.85962,4.401803607214429,0.5,6,500,25223,False,0,x86_64,689,3.70794478058815,25260,25223,3.2347327303141356,3.234628915786743,-25198.0,,3.710804818198085,25260,25223,3.6134994365274906,3.613389730453491,-25198.0,
1730394809.669415,hc-sj-ucq,1000,1730393472.85962,4.412825651302605,0.5,6,500,25871,False,0,x86_64,724,3.7312473338097334,25909,25871,5.848223611712456,5.848097324371338,-25846.0,,3.8226644694805145,25909,25871,2.775819668546319,2.7757017612457275,-25846.0,
1730394830.882566,hc-sj-ucq,1000,1730393472.85962,4.423847695390782,0.5,6,500,26536,False,0,x86_64,759,3.9166576378047466,26574,26536,3.0647704377770424,3.064657688140869,-26511.0,,3.8914171271026134,26574,26536,3.282559184357524,3.2824339866638184,-26511.0,
1730394850.298,hc-sj-ucq,1000,1730393472.85962,4.434869739478958,0.5,6,500,27218,False,0,x86_64,791,3.952139412984252,27256,27218,3.295265147462487,3.2951502799987793,-27193.0,,4.073113732039928,27256,27218,3.726949989795685,3.726834535598755,-27193.0,
1730394870.779491,hc-sj-ucq,1000,1730393472.85962,4.445891783567134,0.5,6,500,27918,False,0,x86_64,835,4.119285896420479,27960,27918,3.3338524103164673,3.3337206840515137,-27892.0,,4.087933164089918,27960,27918,2.8609352242201567,2.8608169555664062,-27892.0,
1730394890.742628,hc-sj-ucq,1000,1730393472.85962,4.456913827655311,0.5,6,500,28636,False,0,x86_64,882,4.257733231410384,28681,28636,3.194787785410881,3.1946334838867188,-28609.0,,4.117548191919923,28681,28636,4.05871913023293,4.0585973262786865,-28609.0,
1730394911.596447,hc-sj-ucq,1000,1730393472.85962,4.467935871743487,0.5,6,500,29372,False,0,x86_64,920,4.304085917770863,29419,29372,3.1700180992484093,3.1699106693267822,-29344.0,,4.271722553297877,29419,29372,3.393460191786289,3.393350124359131,-29344.0,
1730394932.414526,hc-sj-ucq,1000,1730393472.85962,4.478957915831664,0.5,6,500,30127,False,0,x86_64,962,4.391789210960269,30175,30127,3.371194714680314,3.371070146560669,-30099.0,,4.442159989848733,30175,30127,3.2256049178540707,3.2254841327667236,-30099.0,
1730394953.676401,hc-sj-ucq,1000,1730393472.85962,4.48997995991984,0.5,6,500,30901,False,0,x86_64,1005,4.501238603144884,30952,30901,3.572603538632393,3.572483539581299,-30873.0,,4.570779075846076,30952,30901,3.299816869199276,3.2996976375579834,-30873.0,
1730394975.43456,hc-sj-ucq,1000,1730393472.85962,4.501002004008016,0.5,6,500,31695,False,0,x86_64,1056,4.637048261240125,31746,31695,3.6901075448840857,3.6899940967559814,-31667.0,,4.619071952998638,31746,31695,3.3293590117245913,3.3292274475097656,-31667.0,
1730394997.695659,hc-sj-ucq,1000,1730393472.85962,4.512024048096192,0.5,6,500,32510,False,0,x86_64,1116,4.654380667954683,32563,32510,3.5514359772205353,3.551164388656616,-32480.0,,4.775838483124971,32563,32510,3.5320928432047367,3.5319743156433105,-32480.0,
1730395020.114079,hc-sj-ucq,1000,1730393472.85962,4.523046092184369,0.5,6,500,33346,False,0,x86_64,1167,4.859774921089411,33409,33346,4.289500579237938,4.289388418197632,-33315.0,,4.92534021474421,33409,33346,3.577625997364521,3.577501058578491,-33315.0,
1730395044.07904,hc-sj-ucq,1000,1730393472.85962,4.534068136272546,0.5,6,500,34203,False,0,x86_64,1221,4.997460495680571,34269,34203,4.086676092818379,4.086562395095825,-34171.0,,5.009782420471311,34269,34203,3.8514541406184435,3.8513197898864746,-34171.0,
1730395068.533169,hc-sj-ucq,1000,1730393472.85962,4.545090180360722,0.5,6,500,35082,False,0,x86_64,1280,5.157592827454209,35152,35082,4.571904368698597,4.571781635284424,-35050.0,,5.2554911673069,35152,35082,3.816480739042163,3.816352367401123,-35050.0,
1730395094.034751,hc-sj-ucq,1000,1730393472.85962,4.556112224448898,0.5,6,500,35984,False,0,x86_64,1344,5.293651569634676,36058,35984,4.227432271465659,4.22732138633728,-35950.0,,5.293001731857657,36058,35984,3.9839775804430246,3.983863592147827,-35950.0,
1730395119.622428,hc-sj-ucq,1000,1730393472.85962,4.567134268537075,0.5,6,500,36909,False,0,x86_64,1413,5.397344840690494,36992,36909,4.523967545479536,4.523833751678467,-36873.0,,5.4085301626473665,36992,36909,4.731686748564243,4.731557607650757,-36873.0,
1730395146.864047,hc-sj-ucq,1000,1730393472.85962,4.578156312625251,0.5,6,500,37857,False,0,x86_64,1485,5.402807621285319,37945,37857,5.271473757922649,5.271350145339966,-37821.0,,5.466774854809046,37945,37857,4.368135951459408,4.3679914474487305,-37821.0,
1730395174.636726,hc-sj-ucq,1000,1730393472.85962,4.589178356713427,0.5,6,500,38830,False,0,x86_64,1564,5.622324204072356,38922,38830,4.295663774013519,4.29555869102478,-38794.0,,5.674797862768173,38922,38830,5.172434948384762,5.1723103523254395,-38794.0,
1730395202.853354,hc-sj-ucq,1000,1730393472.85962,4.6002004008016035,0.5,6,500,39829,False,0,x86_64,1655,5.868896717205644,39935,39829,4.419470712542534,4.419355630874634,-39789.0,,5.866447478532791,39935,39829,5.203945567831397,5.203833103179932,-39789.0,
1730395231.970572,hc-sj-ucq,1000,1730393472.85962,4.61122244488978,0.5,6,500,40852,False,0,x86_64,1740,5.9872318636626005,40962,40852,4.7713326048105955,4.7712180614471436,-40812.0,,5.938588825985789,40962,40852,4.801727628335357,4.801604747772217,-40812.0,
1730395261.044391,hc-sj-ucq,1000,1730393472.85962,4.622244488977956,0.5,6,500,41902,False,0,x86_64,1844,6.15006036311388,42017,41902,4.887531628832221,4.887383460998535,-41862.0,,6.084064494818449,42017,41902,4.886286411434412,4.886160135269165,-41862.0,
1730395291.030041,hc-sj-ucq,1000,1730393472.85962,4.6332665330661325,0.5,6,500,42980,False,0,x86_64,1927,6.169549403712153,43106,42980,5.3555789943784475,5.3554675579071045,-42938.0,,6.200809782370925,43106,42980,5.527069648727775,5.526952743530273,-42938.0,
1730395322.413489,hc-sj-ucq,1000,1730393472.85962,4.644288577154309,0.5,6,500,44084,False,0,x86_64,2025,6.35839220136404,44219,44084,4.924398887902498,4.924255132675171,-44040.0,,6.472876187413931,44219,44084,4.740544397383928,4.740429401397705,-44040.0,
1730395353.814577,hc-sj-ucq,1000,1730393472.85962,4.655310621242485,0.5,6,500,45217,False,0,x86_64,2119,6.520776925608516,45361,45217,5.627415768802166,5.627303838729858,-45171.0,,6.714708743616939,45361,45217,4.908995585516095,4.908886194229126,-45171.0,
1730395386.225112,hc-sj-ucq,1000,1730393472.85962,4.666332665330661,0.5,6,500,46380,False,0,x86_64,2236,6.804284159094095,46537,46380,5.590511869639158,5.59038233757019,-46333.0,,6.905819308012724,46537,46380,5.0584849659353495,5.0583717823028564,-46333.0,
1730395419.277237,hc-sj-ucq,1000,1730393472.85962,4.677354709418838,0.5,6,500,47572,False,0,x86_64,2340,6.8991595190018415,47742,47572,5.858503703027964,5.858391046524048,-47524.0,,6.971607560291886,47742,47572,5.659382624551654,5.659270524978638,-47524.0,
1730395453.728263,hc-sj-ucq,1000,1730393472.85962,4.688376753507014,0.5,6,500,48795,False,0,x86_64,2457,7.20699424482882,48972,48795,5.451915303245187,5.451753377914429,-48746.0,,7.148559119552374,48972,48795,5.182214058935642,5.182091951370239,-48746.0,
1730395487.885858,hc-sj-ucq,1000,1730393472.85962,4.69939879759519,0.5,6,500,50049,False,0,x86_64,2582,7.199772046878934,50231,50049,5.661336584016681,5.661219596862793,-49999.0,,7.430036311969161,50231,50049,5.463686443865299,5.463560581207275,-49999.0,
1730395523.039848,hc-sj-ucq,1000,1730393472.85962,4.710420841683367,0.5,6,500,51335,False,0,x86_64,2713,7.457895427942276,51525,51335,5.5354731641709805,5.535346746444702,-51284.0,,7.608471730723977,51525,51335,5.47047733515501,5.470358371734619,-51284.0,
1730395558.995047,hc-sj-ucq,1000,1730393472.85962,4.721442885771543,0.5,6,500,52655,False,0,x86_64,2848,7.656257767230272,52851,52654,5.775286780670285,5.775160312652588,-52602.0,,7.667834535241127,52851,52654,5.372256275266409,5.372140884399414,-52602.0,
1730395595.016837,hc-sj-ucq,1000,1730393472.85962,4.73246492985972,0.5,6,500,54008,False,0,x86_64,3009,7.987465817481279,54217,54007,6.417265687137842,6.417106628417969,-53955.0,,7.980473387986422,54217,54007,5.9372438825666904,5.937112331390381,-53955.0,
1730395633.37241,hc-sj-ucq,1000,1730393472.85962,4.743486973947896,0.5,6,500,55397,False,0,x86_64,3165,7.993663635104895,55618,55396,6.183867225423455,6.183741569519043,-55343.0,,8.186370834708214,55618,55396,5.686295038089156,5.6861677169799805,-55343.0,
1730395671.657178,hc-sj-ucq,1000,1730393472.85962,4.754509018036073,0.5,6,500,56821,False,0,x86_64,3315,8.172161536291242,57060,56820,7.009624170139432,7.009509801864624,-56767.0,,8.317511267960072,57060,56820,6.753021413460374,6.752910852432251,-56767.0,
1730395712.157243,hc-sj-ucq,1000,1730393472.85962,4.765531062124249,0.5,6,500,58281,False,0,x86_64,3493,8.608451284468174,58557,58280,6.649820491671562,6.6497039794921875,-58224.0,,8.620854258537292,58557,58280,7.187322150915861,7.187196493148804,-58224.0,
1730395754.125786,hc-sj-ucq,1000,1730393472.85962,4.776553106212425,0.5,6,500,59779,False,0,x86_64,3671,8.920489933341742,60066,59778,7.138404216617346,7.138293027877808,-59720.0,,8.849918244406581,60066,59778,7.221122890710831,7.221003770828247,-59720.0,
1730395797.685892,hc-sj-ucq,1000,1730393472.85962,4.787575150300602,0.5,6,500,61316,False,0,x86_64,3905,8.982585208490491,61620,61315,7.031050590798259,7.0309319496154785,-61256.0,,9.116956090554595,61620,61315,6.866596512496471,6.866466760635376,-61256.0,
1730395840.967592,hc-sj-ucq,1000,1730393472.85962,4.798597194388778,0.5,6,500,62892,False,0,x86_64,4095,9.356745461001992,63228,62891,8.048939319327474,8.048804521560669,-62829.0,,9.263674573972821,63228,62891,7.023983012884855,7.023860931396484,-62829.0,
1730395886.778326,hc-sj-ucq,1000,1730393472.85962,4.809619238476954,0.5,6,500,64508,False,0,x86_64,4289,9.394727051258087,64867,64507,8.453532421961427,8.453412294387817,-64444.0,,9.612286243587732,64867,64507,7.624818990007043,7.624668836593628,-64444.0,
1730395934.003117,hc-sj-ucq,1000,1730393472.85962,4.820641282565131,0.5,6,500,66166,False,0,x86_64,4532,9.677332235500216,66551,66164,7.191892120987177,7.1917724609375,-66099.0,,9.83545745164156,66551,66164,9.104197196662426,9.104071140289307,-66099.0,
1730395982.700071,hc-sj-ucq,1000,1730393472.85962,4.831663326653307,0.5,6,500,67867,False,0,x86_64,4754,10.148260347545147,68305,67865,8.17092845030129,8.170796632766724,-67797.0,,10.05565064959228,68305,67865,8.677193967625499,8.67706298828125,-67797.0,
1730396033.179679,hc-sj-ucq,1000,1730393472.85962,4.842685370741483,0.5,6,500,69612,False,0,x86_64,5003,10.178288044407964,70069,69610,8.56197415664792,8.561849355697632,-69541.0,,10.169273538514972,70069,69610,7.313570385798812,7.313448429107666,-69541.0,
1730396082.390072,hc-sj-ucq,1000,1730393472.85962,4.8537074148296595,0.5,6,500,71401,False,0,x86_64,5269,10.399551132693887,71886,71399,8.154184348881245,8.15406584739685,-71329.0,,10.49602415598929,71886,71399,7.859803477302194,7.859665155410767,-71329.0,
1730396132.589568,hc-sj-ucq,1000,1730393472.85962,4.864729458917836,0.5,6,500,73236,False,0,x86_64,5587,10.589365715160966,73762,73233,9.183309650048614,9.183152198791504,-73159.0,,10.762239024043083,73762,73233,8.137250339612365,8.13713264465332,-73159.0,
1730396185.05648,hc-sj-ucq,1000,1730393472.85962,4.875751503006012,0.5,6,500,75119,False,0,x86_64,5878,10.932208966463804,75667,75116,8.023632699623704,8.023521900177002,-75041.0,,11.161833696067333,75667,75116,7.740373332053423,7.740248441696167,-75041.0,
1730396236.883445,hc-sj-ucq,1000,1730393472.85962,4.886773547094188,0.5,6,500,77050,False,0,x86_64,6186,11.516709640622139,77639,77047,9.099515529349446,9.099360704421997,-76971.0,,11.378904147073627,77639,77047,8.24175912886858,8.241618156433105,-76971.0,
1730396291.537431,hc-sj-ucq,1000,1730393472.85962,4.897795591182365,0.5,6,500,79030,False,0,x86_64,6491,11.842295594513416,79655,79026,9.236150918528438,9.235913753509521,-78949.0,,11.732523893937469,79655,79026,8.239096576347947,8.23897933959961,-78949.0,
1730396346.848938,hc-sj-ucq,1000,1730393472.85962,4.908817635270541,0.5,6,500,81062,False,0,x86_64,6808,12.002103082835674,81728,81058,9.385551268234849,9.385385036468506,-80979.0,,12.163031188771129,81728,81058,10.072148313745856,10.072014331817627,-80979.0,
1730396406.226405,hc-sj-ucq,1000,1730393472.85962,4.919839679358717,0.5,6,500,83145,False,0,x86_64,7161,12.376187164336443,83851,83141,9.392008882015944,9.391892671585083,-83060.0,,12.339472459629178,83851,83141,9.166740035638213,9.16662073135376,-83060.0,
1730396465.239091,hc-sj-ucq,1000,1730393472.85962,4.930861723446894,0.5,6,500,85282,False,0,x86_64,7484,12.649599680677056,86034,85278,10.229944387450814,10.229812860488892,-85195.0,,12.928880708292127,86034,85278,9.450977174565196,9.450852394104004,-85195.0,
1730396526.382701,hc-sj-ucq,1000,1730393472.85962,4.94188376753507,0.5,6,500,87474,False,0,x86_64,7893,13.093139437958598,88276,87470,10.611515961587429,10.611395835876465,-87386.0,,13.052966995164752,88276,87470,10.060851015150547,10.06070852279663,-87386.0,
1730396589.729662,hc-sj-ucq,1000,1730393472.85962,4.952905811623247,0.5,6,500,89723,False,0,x86_64,8300,13.421877836808562,90567,89719,10.652898678556085,10.652742385864258,-89634.0,,13.341110007837415,90567,89719,9.539726236835122,9.539599895477295,-89634.0,
1730396653.707285,hc-sj-ucq,1000,1730393472.85962,4.9639278557114235,0.5,6,500,92029,False,0,x86_64,8747,13.481514429673553,92966,92025,9.895457403734326,9.895339250564575,-91937.0,,13.897611059248447,92966,92025,10.071731720119715,10.071588277816772,-91937.0,
1730396718.587463,hc-sj-ucq,1000,1730393472.85962,4.9749498997996,0.5,6,500,94395,False,0,x86_64,9207,14.206672674044967,95420,94391,10.959853434935212,10.959703207015991,-94299.0,,14.267056036740541,95420,94391,10.18777727149427,10.187646389007568,-94299.0,
1730396786.410691,hc-sj-ucq,1000,1730393472.85962,4.985971943887776,0.5,6,500,96821,False,0,x86_64,9688,14.486214460805058,97909,96817,11.61258272267878,11.612447023391724,-96723.0,,14.4366519395262,97909,96817,10.726144088432193,10.72601842880249,-96723.0,
1730396857.039018,hc-sj-ucq,1000,1730393472.85962,4.996993987975952,0.5,6,500,99310,False,0,x86_64,10220,15.000164791941643,100485,99305,12.428438406437635,12.428283929824829,-99210.0,,14.92738283984363,100485,99305,11.399222180247307,11.399099349975586,-99210.0,
1730396929.627605,hc-sj-ucq,1000,1730393472.85962,5.008016032064129,0.5,6,500,101862,False,0,x86_64,10728,15.345276392996311,103125,101856,12.936016602441669,12.935861587524414,-101760.0,,15.318340117111802,103125,101856,10.630633868277073,10.630512237548828,-101760.0,
1730397003.230506,hc-sj-ucq,1000,1730393472.85962,5.019038076152305,0.5,6,500,104481,False,0,x86_64,11282,15.725062089040875,105809,104475,11.005139639601111,11.005011320114136,-104377.0,,15.766701126471162,105809,104475,11.351950066164136,11.351834535598755,-104377.0,
1730397076.613498,hc-sj-ucq,1000,1730393472.85962,5.030060120240481,0.5,6,500,107166,False,0,x86_64,11850,16.238191295415163,108581,107159,12.18544939532876,12.185319900512695,-107060.0,,15.920742047950625,108581,107159,11.317020988091826,11.316867351531982,-107060.0,
1730397152.995184,hc-sj-ucq,1000,1730393472.85962,5.041082164328658,0.5,6,500,109921,False,0,x86_64,12465,16.351265026256442,111418,109914,12.789191106334329,12.789031982421875,-109813.0,,16.444519497454166,111418,109914,12.238183626905084,12.238037824630737,-109813.0,
1730397232.643995,hc-sj-ucq,1000,1730393472.85962,5.052104208416834,0.5,6,500,112746,False,0,x86_64,13093,16.96239699423313,114309,112739,13.469487860798836,13.469351768493652,-112638.0,,16.786185402423143,114309,112739,11.525920365005732,11.525772333145142,-112638.0,
1730397313.054318,hc-sj-ucq,1000,1730393472.85962,5.06312625250501,0.5,6,500,115644,False,0,x86_64,13789,17.218764388933778,117286,115636,12.838467668741941,12.83834958076477,-115535.0,,17.124181881546974,117286,115636,13.047532787546515,13.04739761352539,-115535.0,
1730397395.636963,hc-sj-ucq,1000,1730393472.85962,5.074148296593187,0.5,6,500,118617,False,0,x86_64,14519,17.56605283729732,120378,118609,12.924666244536638,12.924546957015991,-118506.0,,17.586915768682957,120378,118609,12.78259950876236,12.782451629638672,-118506.0,
1730397478.94137,hc-sj-ucq,1000,1730393472.85962,5.085170340681363,0.5,6,500,121666,False,0,x86_64,15257,18.15421510115266,123524,121657,13.883029416203499,13.882909297943115,-121552.0,,18.11978748254478,123524,121657,13.920346988365054,13.920210123062134,-121552.0,
1730397565.957114,hc-sj-ucq,1000,1730393472.85962,5.096192384769539,0.5,6,500,124793,False,0,x86_64,16046,18.883535336703062,126801,124784,15.061821008101106,15.061667919158936,-124675.0,,18.92973604053259,126801,124784,14.312134774401784,14.312013626098633,-124675.0,
1730397657.693488,hc-sj-ucq,1000,1730393472.85962,5.1072144288577155,0.5,6,500,128001,False,0,x86_64,16895,19.03454606421292,130247,127992,15.660433599725366,15.660324811935425,-127876.0,,19.331631779670715,130247,127992,14.974026691168547,14.973907709121704,-127876.0,
1730397750.898253,hc-sj-ucq,1000,1730393472.85962,5.118236472945892,0.5,6,500,131291,False,0,x86_64,17752,19.997864605858922,133681,131282,16.165157856419683,16.165038585662842,-131163.0,,19.893288653343916,133681,131282,13.96737215667963,13.967232942581177,-131163.0,
1730397845.885879,hc-sj-ucq,1000,1730393472.85962,5.129258517034068,0.5,6,500,134666,False,0,x86_64,18653,20.364079356193542,137201,134657,14.251502400264144,14.25136113166809,-134536.0,,19.992454148828983,137201,134657,15.06807299144566,15.067955732345581,-134536.0,
1730397940.561836,hc-sj-ucq,1000,1730393472.85962,5.140280561122244,0.5,6,500,138127,False,0,x86_64,19634,20.90240097232163,140914,138118,15.79689004085958,15.796768188476562,-137992.0,,20.76509295590222,140914,138118,14.751145036891103,14.751016855239868,-137992.0,
1730398038.417806,hc-sj-ucq,1000,1730393472.85962,5.151302605210421,0.5,6,500,141678,False,0,x86_64,20597,21.102986063808203,144687,141669,16.969386000186205,16.96927261352539,-141540.0,,21.224885942414403,144687,141669,15.47341239452362,15.473163604736328,-141540.0,
1730398139.277058,hc-sj-ucq,1000,1730393472.85962,5.162324649298597,0.5,6,500,145319,False,0,x86_64,21654,22.18426964059472,148583,145309,16.4705995824188,16.470455646514893,-145175.0,,22.031039474532008,148583,145309,15.32608588412404,15.325965642929077,,
1730398242.538712,hc-sj-ucq,1000,1730393472.85962,5.173346693386774,0.5,6,500,149055,False,0,x86_64,22742,22.272029273211956,152518,149045,17.113772040233016,17.113485097885132,-148910.0,,22.53725595586002,152518,149045,15.34838155284524,15.348271131515503,,
1730398347.580066,hc-sj-ucq,1000,1730393472.85962,5.1843687374749505,0.5,6,500,152886,False,0,x86_64,23863,23.19769899919629,156597,152876,17.073864310979843,17.073606967926025,-152738.0,,23.42714474722743,156597,152876,16.397012699395418,16.39689540863037,,
1730398457.317719,hc-sj-ucq,1000,1730393472.85962,5.195390781563127,0.5,6,500,156816,False,0,x86_64,25230,24.025047302246094,160939,156806,19.87333980575204,19.87321424484253,-156662.0,,23.700508143752813,160939,156806,16.353913251310587,16.353800535202026,,
1730398571.748696,hc-sj-ucq,1000,1730393472.85962,5.206412825651303,0.5,6,500,160846,False,0,x86_64,26476,24.870932521298528,165263,160835,19.28356309980154,19.283429622650146,-160689.0,,24.587019730359316,165263,160835,15.658579718321562,15.658469200134277,,
1730398686.98042,hc-sj-ucq,1000,1730393472.85962,5.2174348697394795,0.5,6,500,164981,False,0,x86_64,27828,25.18720560334623,169773,164970,21.65094294026494,21.65083074569702,-164820.0,,25.389152891933918,169773,164970,20.060961602255702,20.060843467712402,,
1730398810.536607,hc-sj-ucq,1000,1730393472.85962,5.228456913827656,0.5,6,500,169222,False,0,x86_64,29182,25.50944684445858,174396,169210,19.33755732513964,19.337445735931396,-169055.0,,26.35343416966498,174396,169210,17.185226295143366,17.185091257095337,,
1730398930.937504,hc-sj-ucq,1000,1730393472.85962,5.239478957915832,0.5,6,500,173571,False,0,x86_64,30698,26.870006507262588,179163,173558,21.00692443549633,21.006798028945923,-173399.0,,27.013829516246915,179163,173558,19.604356748983264,19.6042423248291,,
1730399058.77327,hc-sj-ucq,1000,1730393472.85962,5.250501002004008,0.5,6,500,178033,False,0,x86_64,32252,27.557560604065657,183929,178020,30.843849716708064,30.843629121780396,-177860.0,,28.090957306325436,183929,178020,18.10415611229837,18.104028701782227,,
1730399206.74628,hc-sj-ucq,1000,1730393472.85962,5.261523046092185,0.5,6,500,182609,False,0,x86_64,33940,27.57112094014883,188995,182596,22.31696780771017,22.3168306350708,-182436.0,,28.303910898044705,188995,182596,18.098574955016375,18.098453283309937,,
1730399337.722351,hc-sj-ucq,1000,1730393472.85962,5.272545090180361,0.5,6,500,187303,False,0,x86_64,35630,28.772064369171858,194113,187288,22.655490877106786,22.655367136001587,-187126.0,,28.86172027885914,194113,187288,20.22269226051867,20.222573041915894,,
