instance timestamp,query,domain size,run id,itr exponent,itr start,itr end,itr num,tuples added,bag semantics,max bag size,processor,number_of_witnesses,lp_results: witness_computation_time,lp_results: number_of_witnesses,lp_results: number_of_tuples,lp_results: Solve Time,lp_results: Solver Solution Time,lp_results: GDP,lp_results: error,ilp_results: witness_computation_time,ilp_results: number_of_witnesses,ilp_results: number_of_tuples,ilp_results: Solve Time,ilp_results: Solver Solution Time,ilp_results: GDP,ilp_results: error,ilp_results_old: witness_computation_time,ilp_results_old: number_of_witnesses,ilp_results_old: number_of_tuples,ilp_results_old: Solve Time,ilp_results_old: Solver Solution Time,ilp_results_old: GDP,ilp_results_old: error,lp_results_old: witness_computation_time,lp_results_old: number_of_witnesses,lp_results_old: number_of_tuples,lp_results_old: Solve Time,lp_results_old: Solver Solution Time,lp_results_old: GDP,lp_results_old: error
1730258822.771834,rays-5,1000,1730258795.844384,3.1122244488977957,0.5,6,500,1294,False,0,x86_64,1,0.28326027514413,2588,1294,0.15425326069816947,0.15402579307556152,-1289.0,,0.2845161482691765,2588,1294,0.14558201981708407,0.1454601287841797,-1289.0,,0.28475191816687584,2588,1294,0.1625528852455318,0.16244769096374512,-1289.0,,0.28458734694868326,2588,1294,0.19170892937108874,0.19158005714416504,-1289.0,
1730258825.054005,rays-5,1000,1730258795.844384,3.123246492985972,0.5,6,500,1328,False,0,x86_64,1,0.2915866686962545,2656,1328,0.41920333122834563,0.41905951499938965,-1323.0,,0.29348656302317977,2656,1328,0.1720869350247085,0.17193102836608887,-1323.0,,0.3033024137839675,2656,1328,0.16223392123356462,0.1621086597442627,-1323.0,,0.2933834330178797,2656,1328,0.1551789459772408,0.1550455093383789,-1323.0,
1730258827.608794,rays-5,1000,1730258795.844384,3.1342685370741483,0.5,6,500,1362,False,0,x86_64,1,0.31471752980723977,2724,1362,0.15823657996952534,0.1581275463104248,-1357.0,,0.30019179405644536,2724,1362,0.15323236444965005,0.15310144424438477,-1357.0,,0.2978213638998568,2724,1362,0.17309945821762085,0.17295622825622559,-1357.0,,0.3053785958327353,2724,1362,0.1586389346048236,0.1585073471069336,-1357.0,
1730258829.946283,rays-5,1000,1730258795.844384,3.1452905811623246,0.5,6,500,1397,False,0,x86_64,1,0.3040458830073476,2794,1397,0.16470791678875685,0.16457176208496094,-1392.0,,0.29781184811145067,2794,1397,0.14340561581775546,0.143294095993042,-1392.0,,0.30824790615588427,2794,1397,0.15272564673796296,0.15260100364685059,-1392.0,,0.2991053690202534,2794,1397,0.16696077631786466,0.16681241989135742,-1392.0,
1730258832.260892,rays-5,1000,1730258795.844384,3.156312625250501,0.5,6,500,1433,False,0,x86_64,1,0.31398216914385557,2866,1433,0.20314427698031068,0.20300054550170898,-1428.0,,0.3040057751350105,2866,1433,0.21240882109850645,0.21225976943969727,-1428.0,,0.3032203842885792,2866,1433,0.16322842799127102,0.16312813758850098,-1428.0,,0.3027064180932939,2866,1433,0.15843342524021864,0.15830588340759277,-1428.0,
1730258834.709011,rays-5,1000,1730258795.844384,3.1673346693386777,0.5,6,500,1470,False,0,x86_64,1,0.3086045482195914,2940,1470,0.17151658376678824,0.1713850498199463,-1465.0,,0.31459456821903586,2940,1470,0.156899347435683,0.1567537784576416,-1465.0,,0.3143604057841003,2940,1470,0.17449232330545783,0.17434930801391602,-1465.0,,0.3133241645991802,2940,1470,0.1950166649185121,0.19490766525268555,-1465.0,
1730258837.172795,rays-5,1000,1730258795.844384,3.178356713426854,0.5,6,500,1507,False,0,x86_64,1,0.3162035131826997,3014,1507,0.1752427383325994,0.17510652542114258,-1502.0,,0.32058884017169476,3014,1507,0.16138186817988753,0.16125082969665527,-1502.0,,0.3155918181873858,3014,1507,0.1899359580129385,0.18980097770690918,-1502.0,,0.3188814949244261,3014,1507,0.18480514688417315,0.1846632957458496,-1502.0,
1730258839.666936,rays-5,1000,1730258795.844384,3.1893787575150303,0.5,6,500,1546,False,0,x86_64,1,0.32434530882164836,3092,1546,0.19185625994578004,0.1917428970336914,-1541.0,,0.32495344104245305,3092,1546,0.19268349232152104,0.1925487518310547,-1541.0,,0.3261402230709791,3092,1546,0.1803752281703055,0.1802377700805664,-1541.0,,0.33357082307338715,3092,1546,0.18770212400704622,0.1875619888305664,-1541.0,
1730258842.285652,rays-5,1000,1730258795.844384,3.2004008016032066,0.5,6,500,1586,False,0,x86_64,1,0.3369210818782449,3172,1586,0.19999855617061257,0.19986677169799805,-1581.0,,0.3335315021686256,3172,1586,0.18306237226352096,0.18295025825500488,-1581.0,,0.33296389877796173,3172,1586,0.20243674609810114,0.20230484008789062,-1581.0,,0.3322492027655244,3172,1586,0.1900894190184772,0.18994355201721191,-1581.0,
1730258844.955527,rays-5,1000,1730258795.844384,3.211422845691383,0.5,6,500,1627,False,0,x86_64,3,0.33981005009263754,3254,1627,0.6280677979812026,0.6279308795928955,-1617.0,,0.33667483273893595,3254,1627,0.42426493810489774,0.42412829399108887,-1617.0,,0.3465371490456164,3254,1627,0.3247512560337782,0.3246347904205322,-1617.0,,0.3430825932882726,3254,1627,0.21282434510067105,0.2126784324645996,-1619.0,
1730258848.512471,rays-5,1000,1730258795.844384,3.2224448897795592,0.5,6,500,1668,False,0,x86_64,3,0.3442362709902227,3336,1668,0.19533292716369033,0.19517827033996582,-1658.0,,0.3556389254517853,3336,1668,0.1955420239828527,0.19538450241088867,-1658.0,,0.35631956439465284,3336,1668,0.21657817671075463,0.21645808219909668,-1658.0,,0.3560523637570441,3336,1668,0.20443113427609205,0.20429372787475586,-1660.0,
1730258851.329703,rays-5,1000,1730258795.844384,3.2334669338677355,0.5,6,500,1711,False,0,x86_64,3,0.35447129840031266,3422,1711,0.21532218204811215,0.215179443359375,-1701.0,,0.36117126792669296,3422,1711,0.18994218111038208,0.18979525566101074,-1701.0,,0.35908997198566794,3422,1711,0.195460163988173,0.19533467292785645,-1701.0,,0.3541564359329641,3422,1711,0.20084392512217164,0.20070266723632812,-1703.0,
1730258854.159402,rays-5,1000,1730258795.844384,3.244488977955912,0.5,6,500,1755,False,0,x86_64,3,0.3588386010378599,3510,1755,0.18440912803635,0.18427181243896484,-1745.0,,0.36005993699654937,3510,1755,0.17333451379090548,0.1731879711151123,-1745.0,,0.359109400305897,3510,1755,0.1809537699446082,0.1808173656463623,-1745.0,,0.38055367209017277,3510,1755,0.18249213276430964,0.1823742389678955,-1747.0,
1730258856.921362,rays-5,1000,1730258795.844384,3.255511022044088,0.5,6,500,1800,False,0,x86_64,5,0.36313902493566275,3600,1800,0.1874471246264875,0.18730974197387695,-1785.0,,0.3649592590518296,3600,1800,0.18449830263853073,0.184356689453125,-1785.0,,0.36583778308704495,3600,1800,0.18850276712328196,0.18836236000061035,-1785.0,,0.36776478216052055,3600,1800,0.20379843702539802,0.2036736011505127,-1789.0,
1730258859.762623,rays-5,1000,1730258795.844384,3.2665330661322645,0.5,6,500,1847,False,0,x86_64,12,0.3730855192989111,3692,1846,0.1955142179504037,0.19537758827209473,-1826.0,,0.3761550569906831,3692,1846,0.19197394093498588,0.19183921813964844,-1826.0,,0.3792525283060968,3692,1846,0.21853900095447898,0.21840453147888184,-1826.0,,0.3771161623299122,3692,1846,0.2169449352659285,0.21683073043823242,-1832.0,
1730258862.728818,rays-5,1000,1730258795.844384,3.277555110220441,0.5,6,500,1894,False,0,x86_64,12,0.3779564159922302,3786,1893,0.19117803731933236,0.19104433059692383,-1873.0,,0.37856547394767404,3786,1893,0.19520759396255016,0.19507694244384766,-1873.0,,0.3763975049369037,3786,1893,0.2396727381274104,0.23953843116760254,-1873.0,,0.40476092603057623,3786,1893,0.20912514301016927,0.2090156078338623,-1879.0,
1730258865.719553,rays-5,1000,1730258795.844384,3.2885771543086175,0.5,6,500,1943,False,0,x86_64,12,0.383114380761981,3884,1942,0.2049960340373218,0.20487451553344727,-1922.0,,0.3911042590625584,3884,1942,0.1957543296739459,0.1956169605255127,-1922.0,,0.3882051859982312,3884,1942,0.23628523107618093,0.23616528511047363,-1922.0,,0.3874674290418625,3884,1942,0.20410880912095308,0.20398855209350586,-1928.0,
1730258868.761638,rays-5,1000,1730258795.844384,3.299599198396794,0.5,6,500,1993,False,0,x86_64,14,0.38760831905528903,3984,1992,0.2040072069503367,0.2038867473602295,-1967.0,,0.3893577679991722,3984,1992,0.20051058009266853,0.2003953456878662,-1967.0,,0.3895715023390949,3984,1992,0.2429114212282002,0.24280905723571777,-1967.0,,0.3893646369688213,3984,1992,0.21626888634636998,0.21614885330200195,-1975.0,
1730258871.833035,rays-5,1000,1730258795.844384,3.31062124248497,0.5,6,500,2044,False,0,x86_64,15,0.3928286200389266,4086,2043,0.21025428920984268,0.21010899543762207,-2013.0,,0.3944227793253958,4086,2043,0.20675795804709196,0.2066352367401123,-2013.0,,0.4143060431815684,4086,2043,0.27243953524157405,0.27233195304870605,-2013.0,,0.3992549409158528,4086,2043,0.21196708967909217,0.211838960647583,-2021.0,
1730258874.989532,rays-5,1000,1730258795.844384,3.3216432865731464,0.5,6,500,2097,False,0,x86_64,20,0.4086236720904708,4192,2096,0.22430601809173822,0.22415757179260254,-2061.0,,0.4059736570343375,4192,2096,0.21330514503642917,0.21318674087524414,-2061.0,,0.4091435968875885,4192,2096,0.26500476989895105,0.2648799419403076,-2061.0,,0.409409087151289,4192,2096,0.22220346378162503,0.2220761775970459,-2074.25,
1730258878.24632,rays-5,1000,1730258795.844384,3.3326653306613228,0.5,6,500,2151,False,0,x86_64,25,0.4200191730633378,4300,2150,0.23527225805446506,0.23515796661376953,-2110.0,,0.42230542097240686,4300,2150,0.27081234008073807,0.27068328857421875,-2110.0,,0.42446501180529594,4300,2150,0.25647954689338803,0.2563445568084717,-2110.0,,0.41693534003570676,4300,2150,0.24384733010083437,0.24371004104614258,-2128.5,
1730258881.662599,rays-5,1000,1730258795.844384,3.343687374749499,0.5,6,500,2206,False,0,x86_64,28,0.4698805180378258,4410,2205,0.22532903123646975,0.22521471977233887,-2165.0,,0.4321328750811517,4410,2205,0.23158783093094826,0.2314472198486328,-2165.0,,0.4293531202711165,4410,2205,0.2804287923499942,0.28029799461364746,-2165.0,,0.43457183288410306,4410,2205,0.24927987670525908,0.24915790557861328,-2185.9166666666665,
1730258885.160847,rays-5,1000,1730258795.844384,3.3547094188376754,0.5,6,500,2263,False,0,x86_64,31,0.4383150669746101,4524,2262,0.2557278200984001,0.2555856704711914,-2222.0,,0.4457270270213485,4524,2262,0.21125947823747993,0.21113252639770508,-2222.0,,0.4308357439003885,4524,2262,0.26367576885968447,0.2635667324066162,-2222.0,,0.43250324903056026,4524,2262,0.26176732825115323,0.2616405487060547,-2244.8333333333335,
1730258888.652291,rays-5,1000,1730258795.844384,3.3657314629258517,0.5,6,500,2321,False,0,x86_64,31,0.4385747010819614,4640,2320,0.2374349059537053,0.23730778694152832,-2280.0,,0.43921814393252134,4640,2320,0.2269406602717936,0.22682833671569824,-2280.0,,0.44277738966047764,4640,2320,0.2685135011561215,0.2683851718902588,-2280.0,,0.44433034490793943,4640,2320,0.2413507467135787,0.24121761322021484,-2302.8333333333335,
1730258892.161257,rays-5,1000,1730258795.844384,3.3767535070140284,0.5,6,500,2380,False,0,x86_64,31,0.44955294393002987,4758,2379,0.25619449466466904,0.2560770511627197,-2339.0,,0.45106622809544206,4758,2379,0.21629497595131397,0.21616363525390625,-2339.0,,0.4507488417439163,4758,2379,0.27137533063068986,0.2712414264678955,-2339.0,,0.45172822615131736,4758,2379,0.24751642113551497,0.24740171432495117,-2361.8333333333335,
1730258895.75505,rays-5,1000,1730258795.844384,3.3877755511022047,0.5,6,500,2442,False,0,x86_64,33,0.4741143719293177,4882,2441,0.2619973006658256,0.26186203956604004,-2391.0,,0.47189250821247697,4882,2441,0.24636938096955419,0.24623489379882812,-2391.0,,0.4709934238344431,4882,2441,0.3290266119875014,0.32890820503234863,-2391.0,,0.4710412509739399,4882,2441,0.26163413375616074,0.26149559020996094,-2413.8333333333335,
1730258899.553525,rays-5,1000,1730258795.844384,3.398797595190381,0.5,6,500,2504,False,0,x86_64,36,0.485141783952713,5006,2503,0.24626039899885654,0.24613022804260254,-2448.0,,0.4695448521524668,5006,2503,0.2894773092120886,0.2893674373626709,-2448.0,,0.46914321603253484,5006,2503,0.2946521150879562,0.2945230007171631,-2448.0,,0.469603574834764,5006,2503,0.24513477692380548,0.2449958324432373,-2471.2500000000005,
1730258903.358297,rays-5,1000,1730258795.844384,3.4098196392785574,0.5,6,500,2569,False,0,x86_64,39,0.4931392790749669,5136,2568,0.2540968176908791,0.25399160385131836,-2508.0,,0.4807984563522041,5136,2568,0.2662821523845196,0.2661557197570801,-2508.0,,0.4884315128438175,5136,2568,0.35506971599534154,0.35494184494018555,-2508.0,,0.48308553267270327,5136,2568,0.264550126157701,0.26441526412963867,-2535.2500000000005,
1730258907.286751,rays-5,1000,1730258795.844384,3.4208416833667337,0.5,6,500,2635,False,0,x86_64,49,0.49780434323474765,5268,2634,0.28581680729985237,0.28567981719970703,-2564.0,,0.49322380404919386,5268,2634,0.27146472316235304,0.2713494300842285,-2564.0,,0.4957890440709889,5268,2634,0.3135988740250468,0.31345105171203613,-2564.0,,0.49924992211163044,5268,2634,0.2921123309060931,0.2919807434082031,-2596.75,
1730258911.299666,rays-5,1000,1730258795.844384,3.43186372745491,0.5,6,500,2703,False,0,x86_64,61,0.5316523178480566,5404,2702,0.2924775346182287,0.29236483573913574,-2622.0,,0.5126073881983757,5404,2702,0.2882502847351134,0.28811097145080566,-2622.0,,0.5200677742250264,5404,2702,0.3766503990627825,0.3765287399291992,-2622.0,,0.5189948980696499,5404,2702,0.28302996698766947,0.2828867435455322,-2662.0,
1730258915.536567,rays-5,1000,1730258795.844384,3.4428857715430863,0.5,6,500,2772,False,0,x86_64,62,0.5282280389219522,5542,2771,0.666635210160166,0.6664843559265137,-2686.0,,0.5598381757736206,5542,2771,0.2773118196055293,0.27718353271484375,-2686.0,,0.5267565059475601,5542,2771,0.3719533965922892,0.37178492546081543,-2686.0,,0.5232777581550181,5542,2771,0.3189754909835756,0.31885743141174316,-2726.0,
1730258920.248523,rays-5,1000,1730258795.844384,3.4539078156312626,0.5,6,500,2843,False,0,x86_64,79,0.5467151869088411,5684,2842,0.3182662110775709,0.3181321620941162,-2742.0,,0.5466695320792496,5684,2842,0.30612559197470546,0.3059866428375244,-2742.0,,0.5721228141337633,5684,2842,0.3951607597991824,0.3950381278991699,-2742.0,,0.5417150449939072,5684,2842,0.2929579121991992,0.29281139373779297,-2790.9166666666665,
1730258924.734029,rays-5,1000,1730258795.844384,3.464929859719439,0.5,6,500,2916,False,0,x86_64,85,0.5451885368674994,5830,2915,0.3282714569941163,0.32814764976501465,-2805.0,,0.5606477316468954,5830,2915,0.41770857898518443,0.41756153106689453,-2805.0,,0.5606714570894837,5830,2915,0.4142147838138044,0.4140899181365967,-2805.0,,0.5617304430343211,5830,2915,0.32233710680156946,0.32219791412353516,-2859.1666666666665,
1730258929.475385,rays-5,1000,1730258795.844384,3.475951903807615,0.5,6,500,2991,False,0,x86_64,99,0.5818071719259024,5980,2990,0.33310523722320795,0.3329610824584961,-2875.0,,0.5699301683343947,5980,2990,0.3127739643678069,0.31264209747314453,-2875.0,,0.5731963627040386,5980,2990,0.4625770761631429,0.4624335765838623,-2875.0,,0.5749456849880517,5980,2990,0.34626490203663707,0.34614133834838867,-2932.0277777777774,
1730258934.279483,rays-5,1000,1730258795.844384,3.486973947895792,0.5,6,500,3068,False,0,x86_64,117,0.5891283452510834,6134,3067,0.341103320941329,0.34095335006713867,-2942.0,,0.5875524953007698,6134,3067,0.3544373488985002,0.35431385040283203,-2942.0,,0.5783460540696979,6134,3067,0.4567816508933902,0.45664143562316895,-2942.0,,0.579263515304774,6134,3067,0.32761343009769917,0.3274722099304199,-3001.8611111111113,
1730258939.148504,rays-5,1000,1730258795.844384,3.4979959919839683,0.5,6,500,3147,False,0,x86_64,117,0.585756815969944,6292,3146,0.3301530349999666,0.3300349712371826,-3021.0,,0.5969467279501259,6292,3146,0.32174701895564795,0.32160329818725586,-3021.0,,0.5949547439813614,6292,3146,0.5344770820811391,0.5343587398529053,-3021.0,,0.5937474202364683,6292,3146,0.38360207295045257,0.38346195220947266,-3080.8611111111118,
1730258944.174966,rays-5,1000,1730258795.844384,3.5090180360721446,0.5,6,500,3228,False,0,x86_64,129,0.6012837863527238,6454,3227,0.3472241656854749,0.3471062183380127,-3097.0,,0.6039008041843772,6454,3227,0.3157407520338893,0.315593957901001,-3097.0,,0.6075175763107836,6454,3227,0.4395765527151525,0.4394645690917969,-3097.0,,0.6078005549497902,6454,3227,0.3422992969863117,0.3421647548675537,-3164.1111111111104,
1730258949.150755,rays-5,1000,1730258795.844384,3.520040080160321,0.5,6,500,3311,False,0,x86_64,134,0.6171753229573369,6620,3310,0.3380158543586731,0.337871789932251,-3170.0,,0.6261070128530264,6620,3310,0.356792617123574,0.356647253036499,-3170.0,,0.624825919046998,6620,3310,0.4823498367331922,0.48223066329956055,-3170.0,,0.6234988430514932,6620,3310,0.4132561353035271,0.4131138324737549,-3237.98611111111,
1730258954.387252,rays-5,1000,1730258795.844384,3.531062124248497,0.5,6,500,3396,False,0,x86_64,143,0.6402804641984403,6790,3395,0.38354423688724637,0.38341498374938965,-3245.0,,0.6382047361694276,6790,3395,0.49598781391978264,0.4958474636077881,-3245.0,,0.6403545918874443,6790,3395,0.5473063969984651,0.5471854209899902,-3245.0,,0.6396166482008994,6790,3395,0.37373179802671075,0.37358880043029785,-3316.4861111111113,
1730258959.939519,rays-5,1000,1730258795.844384,3.5420841683366735,0.5,6,500,3484,False,0,x86_64,151,0.6433641728945076,6966,3483,0.4031272470019758,0.40300559997558594,-3333.0,,0.6501097790896893,6966,3483,0.35583677515387535,0.35570240020751953,-3333.0,,0.654650367796421,6966,3483,0.5622948491945863,0.5621757507324219,-3333.0,,0.6531176599673927,6966,3483,0.39810148999094963,0.39795899391174316,-3405.527777777777,
1730258965.465431,rays-5,1000,1730258795.844384,3.55310621242485,0.5,6,500,3573,False,0,x86_64,186,0.6738582109101117,7144,3572,0.39974026614800096,0.39962220191955566,-3402.0,,0.6864298097789288,7144,3572,0.34285064693540335,0.3427085876464844,-3402.0,,0.682297202758491,7144,3572,0.5860129110515118,0.5859043598175049,-3402.0,,0.6671980828978121,7144,3572,0.39343089517205954,0.3932971954345703,-3488.736111111112,
1730258971.120555,rays-5,1000,1730258795.844384,3.564128256513026,0.5,6,500,3665,False,0,x86_64,215,0.6866438230499625,7328,3664,0.4160860488191247,0.41596531867980957,-3479.0,,0.6942177643068135,7328,3664,0.41140383016318083,0.4112889766693115,-3479.0,,0.6978043289855123,7328,3664,0.6512482091784477,0.6511082649230957,-3479.0,,0.6935021756216884,7328,3664,0.40737119736149907,0.40724825859069824,-3578.6527777777796,
1730258977.089211,rays-5,1000,1730258795.844384,3.5751503006012024,0.5,6,500,3759,False,0,x86_64,224,0.6982808210887015,7516,3758,0.38187682116404176,0.38171887397766113,-3553.0,,0.7032091883011162,7516,3758,0.34162663109600544,0.3415200710296631,-3553.0,,0.6977678649127483,7516,3758,0.6108371010050178,0.6107046604156494,-3553.0,,0.693645735271275,7516,3758,0.4065892598591745,0.40645670890808105,-3659.9027777777796,
1730258982.883725,rays-5,1000,1730258795.844384,3.5861723446893787,0.5,6,500,3856,False,0,x86_64,245,0.71293262578547,7710,3855,0.39535809215158224,0.3952445983886719,-3635.0,,0.7214484582655132,7710,3855,0.3852369408123195,0.3850975036621094,-3635.0,,0.7204007226973772,7710,3855,0.6506616356782615,0.6505515575408936,-3635.0,,0.7174018830992281,7710,3855,0.4380585700273514,0.43791794776916504,-3752.3402777777796,
1730258988.95578,rays-5,1000,1730258795.844384,3.5971943887775555,0.5,6,500,3955,False,0,x86_64,279,0.7411081539466977,7908,3954,0.4162253849208355,0.4161076545715332,-3714.0,,0.7368471948429942,7908,3954,0.43570326175540686,0.4355747699737549,-3714.0,,0.7489102696999907,7908,3954,0.8073530360125005,0.8072175979614258,-3714.0,,0.7370968237519264,7908,3954,0.4803416798822582,0.48023128509521484,-3846.67361111111,
1730258995.488209,rays-5,1000,1730258795.844384,3.608216432865732,0.5,6,500,4057,False,0,x86_64,354,0.7700450350530446,8112,4056,0.4081278298981488,0.40801453590393066,-3791.0,,0.7687149499543011,8112,4056,0.4019240131601691,0.40179443359375,-3791.0,,0.7702841511927545,8112,4056,0.8541450770571828,0.8540322780609131,-3791.0,,0.775656278245151,8112,4056,0.5239085112698376,0.5237786769866943,-3940.6736111111104,
1730259002.206675,rays-5,1000,1730258795.844384,3.619238476953908,0.5,6,500,4161,False,0,x86_64,404,0.8206684659235179,8320,4160,0.43512168573215604,0.4349853992462158,-3885.0,,0.7986617409624159,8320,4160,0.4526569237932563,0.4525458812713623,-3885.0,,0.8005392788909376,8320,4160,0.9268221859820187,0.9266788959503174,-3885.0,,0.8307265811599791,8320,4160,0.48767469683662057,0.48755383491516113,-4045.2777777777765,
1730259009.241616,rays-5,1000,1730258795.844384,3.6302605210420844,0.5,6,500,4268,False,0,x86_64,455,0.8272034740075469,8534,4267,0.49066856130957603,0.4905574321746826,-3962.0,,0.834285263903439,8534,4267,0.4592331382445991,0.4590888023376465,-3962.0,,0.8494263980537653,8534,4267,0.9926548572257161,0.9925377368927002,-3962.0,,0.833217672072351,8534,4267,0.5262686870992184,0.5261404514312744,-4145.944444444443,
1730259016.594456,rays-5,1000,1730258795.844384,3.6412825651302607,0.5,6,500,4378,False,0,x86_64,521,0.8653574679046869,8754,4377,0.5165545479394495,0.5164430141448975,-4047.0,,0.871093746740371,8754,4377,0.46769942715764046,0.4675571918487549,-4047.0,,0.8766551911830902,8754,4377,1.1653940179385245,1.1652791500091553,-4047.0,,0.877138040959835,8754,4377,0.5777661800384521,0.5776417255401611,-4248.9340277777765,
1730259024.479513,rays-5,1000,1730258795.844384,3.652304609218437,0.5,6,500,4490,False,0,x86_64,608,0.9100640527904034,8978,4489,0.506497539114207,0.5063540935516357,-4134.0,,0.9129038751125336,8978,4489,0.5036387490108609,0.5035133361816406,-4134.0,,0.9050832712091506,8978,4489,1.2318150531500578,1.231677532196045,-4134.0,,0.9108175770379603,8978,4489,0.6133729079738259,0.6132311820983887,-4356.059027777775,
1730259032.661945,rays-5,1000,1730258795.844384,3.6633266533066133,0.5,6,500,4606,False,0,x86_64,644,0.9299539919011295,9210,4605,0.5174233228899539,0.5172841548919678,-4230.0,,0.9357300940901041,9210,4605,0.48750454280525446,0.4873695373535156,-4230.0,,0.9223659341223538,9210,4605,1.152478990610689,1.1523637771606445,-4230.0,,0.9236641186289489,9210,4605,0.5537505652755499,0.5536186695098877,-4464.317361111109,
1730259040.809543,rays-5,1000,1730258795.844384,3.6743486973947896,0.5,6,500,4724,False,0,x86_64,710,0.9504612791351974,9446,4723,0.5831110910512507,0.5829851627349854,-4293.0,,0.9632218582555652,9446,4723,0.48099136678501964,0.4808793067932129,-4293.0,,0.9668985540047288,9446,4723,1.2121451050043106,1.2120311260223389,-4293.0,,0.9612323837354779,9446,4723,0.5674229674041271,0.5673122406005859,-4556.765277777776,
1730259049.302819,rays-5,1000,1730258795.844384,3.685370741482966,0.5,6,500,4845,False,0,x86_64,833,0.9944608421064913,9688,4844,0.5135632939636707,0.513422966003418,-4364.0,,1.0145961791276932,9688,4844,0.48872555093839765,0.488614559173584,-4364.0,,0.9960687779821455,9688,4844,1.333252675831318,1.3331289291381836,-4364.0,,1.0017658448778093,9688,4844,0.6365250144153833,0.636408805847168,-4662.343055555552,
1730259058.159116,rays-5,1000,1730258795.844384,3.6963927855711423,0.5,6,500,4970,False,0,x86_64,934,1.0438820966519415,9938,4969,0.5647945390082896,0.5646746158599854,-4464.0,,1.0557016772218049,9938,4969,0.5744598456658423,0.5743496417999268,-4464.0,,1.0533790867775679,9938,4969,1.7425802811048925,1.742438793182373,-4464.0,,1.0746659371070564,9938,4969,0.692957297898829,0.692845344543457,-4783.678472222216,
1730259067.927389,rays-5,1000,1730258795.844384,3.707414829659319,0.5,6,500,5098,False,0,x86_64,1073,1.127141632605344,10194,5097,0.6263240906409919,0.6262006759643555,-4557.0,,1.1105761476792395,10194,5097,0.5920669338665903,0.5919463634490967,-4557.0,,1.1071843192912638,10194,5097,2.1256139990873635,2.125483989715576,-4557.0,,1.1167870862409472,10194,5097,0.7467604810371995,0.7466449737548828,-4914.715972222218,
1730259078.562191,rays-5,1000,1730258795.844384,3.7184368737474953,0.5,6,500,5229,False,0,x86_64,1242,1.1766626960597932,10456,5228,0.6818118616938591,0.6816878318786621,-4658.0,,1.1773645770736039,10456,5228,0.6567549919709563,0.6566169261932373,-4658.0,,1.1749491770751774,10456,5228,2.1433363538235426,2.1432085037231445,-4658.0,,1.1963436137884855,10456,5228,0.8420300516299903,0.8419046401977539,-5038.2458333333325,
1730259089.886574,rays-5,1000,1730258795.844384,3.7294589178356716,0.5,6,500,5363,False,0,x86_64,1362,1.2297676601447165,10724,5362,0.6808979380875826,0.6807794570922852,-4762.0,,1.2368828286416829,10724,5362,0.7096216809004545,0.7094800472259521,-4762.0,,1.2605553059838712,10724,5362,2.3828333956189454,2.3827123641967773,-4762.0,,1.239351139869541,10724,5362,0.8811187520623207,0.881000280380249,-5161.204166666668,
1730259101.7464,rays-5,1000,1730258795.844384,3.740480961923848,0.5,6,500,5501,False,0,x86_64,1543,1.2897869260050356,10998,5499,0.660855723079294,0.6607339382171631,-4854.0,,1.3001753580756485,10998,5499,0.6940875723958015,0.6939589977264404,-4854.0,,1.2807431602850556,10998,5499,3.1892350460402668,3.1891138553619385,-4854.0,,1.3033239557407796,10998,5499,0.9061862900853157,0.9060554504394531,-5301.996825396831,
1730259114.681468,rays-5,1000,1730258795.844384,3.7515030060120242,0.5,6,500,5642,False,0,x86_64,1753,1.3705483279190958,11280,5640,0.6883576880209148,0.688239336013794,-4955.0,,1.3759789811447263,11280,5640,0.7005146429874003,0.7003884315490723,-4955.0,,1.3747757929377258,11280,5640,2.7278613410890102,2.727743148803711,-4955.0,,1.3684994191862643,11280,5640,0.9926790110766888,0.992558479309082,-5436.974603174609,
1730259127.671413,rays-5,1000,1730258795.844384,3.7625250501002006,0.5,6,500,5787,False,0,x86_64,2104,1.4542198712006211,11570,5785,0.7830978967249393,0.7829635143280029,-5050.0,,1.4687674487940967,11570,5785,0.8044721218757331,0.804354190826416,-5050.0,,1.45755594689399,11570,5785,6.7406978867948055,6.740581274032593,-5050.0,,1.4358909949660301,11570,5785,1.0371201867237687,1.0370101928710938,-5580.497195767197,
1730259145.519961,rays-5,1000,1730258795.844384,3.773547094188377,0.5,6,500,5936,False,0,x86_64,2432,1.545134840067476,11868,5934,0.7101968289352953,0.7100858688354492,-5144.0,,1.5419584731571376,11868,5934,0.7449508919380605,0.7448394298553467,-5144.0,,1.5514724939130247,11868,5934,6.210821012966335,6.210704565048218,-5144.0,,1.5556309199891984,11868,5934,1.1273216209374368,1.127211093902588,-5728.019417989422,
1730259163.259971,rays-5,1000,1730258795.844384,3.784569138276553,0.5,6,500,6089,False,0,x86_64,3110,1.7265886692330241,12174,6087,0.7755513587035239,0.775437593460083,-5217.0,,1.7322752382606268,12174,6087,0.8909743702970445,0.8908452987670898,-5217.0,,1.7363081839866936,12174,6087,13.764205331914127,13.764097213745117,-5217.0,,1.756708255968988,12174,6087,1.5318462192080915,1.531740665435791,-5859.593453483252,
1730259190.220244,rays-5,1000,1730258795.844384,3.7955911823647295,0.5,6,500,6245,False,0,x86_64,3475,1.8309098747558892,12486,6243,0.8025756450369954,0.8024652004241943,-5323.0,,1.8428142578341067,12486,6243,0.865703153423965,0.8655900955200195,-5323.0,,1.8364748782478273,12486,6243,11.781531047075987,11.78141474723816,-5323.0,,1.8458744119852781,12486,6243,1.5788869690150023,1.578779935836792,-6013.195073853626,
1730259215.788946,rays-5,1000,1730258795.844384,3.806613226452906,0.5,6,500,6406,False,0,x86_64,3959,1.977925327140838,12806,6403,0.8322966489940882,0.8321900367736816,-5423.0,,1.9918675967492163,12806,6403,0.9506758661009371,0.9505643844604492,-5423.0,,2.001700106076896,12806,6403,6.120656462851912,6.120537519454956,-5423.0,,1.993474424816668,12806,6403,1.984576276037842,1.9844510555267334,-6171.349240520291,
1730259237.051454,rays-5,1000,1730258795.844384,3.8176352705410825,0.5,6,500,6571,False,0,x86_64,4499,2.197878835722804,13134,6567,0.9719406561926007,0.971818208694458,-5512.0,,2.1420112689957023,13134,6567,1.044691326096654,1.044567346572876,-5512.0,,2.1528463708236814,13134,6567,6.537404832895845,6.537278175354004,-5512.0,,2.125002944841981,13134,6567,2.005922239739448,2.005812644958496,-6327.2722729276975,
1730259259.964782,rays-5,1000,1730258795.844384,3.828657314629259,0.5,6,500,6739,False,0,x86_64,5173,2.3098607468418777,13470,6735,0.9546594340354204,0.9545519351959229,-5615.0,,2.3145793098956347,13470,6735,1.0436939247883856,1.0435826778411865,-5615.0,,2.3228503610007465,13470,6735,13.790227638091892,13.790111303329468,-5615.0,,2.3177393418736756,13470,6735,2.3069386961869895,2.306826591491699,-6485.290953483247,
1730259291.361828,rays-5,1000,1730258795.844384,3.839679358717435,0.5,6,500,6913,False,0,x86_64,5766,2.4829070949926972,13818,6909,1.1187318940646946,1.118612289428711,-5704.0,,2.503843981772661,13818,6909,1.1667211870662868,1.166609764099121,-5704.0,,2.4923668769188225,13818,6909,16.060018021147698,16.05989122390747,-5704.0,,2.518286580685526,13818,6909,2.6783961541950703,2.6782803535461426,-6644.780536816581,
1730259326.604926,rays-5,1000,1730258795.844384,3.8507014028056115,0.5,6,500,7090,False,0,x86_64,6604,2.764045096002519,14172,7086,1.0835649520158768,1.0834524631500244,-5806.0,,2.710294383112341,14172,7086,1.161115163937211,1.1610050201416016,-5806.0,,2.7368604028597474,14172,7086,19.043893840163946,19.043778657913208,-5806.0,,2.739912104792893,14172,7086,3.045781605876982,3.0456676483154297,-6821.902296075837,
1730259366.449187,rays-5,1000,1730258795.844384,3.8617234468937878,0.5,6,500,7273,False,0,x86_64,7458,2.94389608502388,14538,7269,1.2098494111560285,1.2097349166870117,-5929.0,,2.9482565629296005,14538,7269,1.3616709830239415,1.36155104637146,-5929.0,,2.961501704994589,14538,7269,34.49017435591668,34.490058183670044,-5929.0,,2.9732193551026285,14538,7269,3.923058110754937,3.9229378700256348,-7003.867419532649,
1730259424.332685,rays-5,1000,1730258795.844384,3.872745490981964,0.5,6,500,7460,False,0,x86_64,8304,3.23682732693851,14910,7455,1.345576923340559,1.3454501628875732,-6075.0,,3.1969644697383046,14910,7455,1.4391968580894172,1.4390788078308105,-6075.0,,3.2057681982405484,14910,7455,51.79411747120321,51.7939989566803,-6075.0,,3.2057722420431674,14910,7455,4.216153232846409,4.21602201461792,-7194.721161816593,
1730259501.359072,rays-5,1000,1730258795.844384,3.8837675350701404,0.5,6,500,7651,False,0,x86_64,9707,3.5718116583302617,15290,7645,1.3624357101507485,1.3623228073120117,-6115.0,,3.5534280850552022,15290,7645,1.5254136081784964,1.5252935886383057,-6115.0,,3.566481155809015,15290,7645,75.26837583910674,75.26826047897339,-6115.0,,3.53407781990245,15290,7645,4.9018065659329295,4.901678085327148,-7352.1610262345885,
1730259604.537899,rays-5,1000,1730258795.844384,3.8947895791583167,0.5,6,500,7848,False,0,x86_64,10653,3.8101081592030823,15684,7842,1.5503512271679938,1.5502324104309082,-6237.0,,3.8041963018476963,15684,7842,1.709521094802767,1.709402322769165,-6237.0,,3.8233859790489078,15684,7842,56.701364672742784,56.70122146606445,-6237.0,,3.802657957188785,15684,7842,5.0784053690731525,5.07826828956604,-7550.539035493853,
1730259691.07359,rays-5,1000,1730258795.844384,3.905811623246493,0.5,6,500,8050,False,0,x86_64,12143,4.168442449066788,16088,8044,1.5657505723647773,1.565636396408081,-6354.0,,4.179418887011707,16088,8044,1.8326411172747612,1.832521677017212,-6354.0,,4.188298721797764,16088,8044,67.09504910884425,67.09492540359497,-6354.0,,4.2440449870191514,16088,8044,6.335027724970132,6.334902286529541,-7748.1785802469585,
1730259791.686355,rays-5,1000,1730258795.844384,3.9168336673346693,0.5,6,500,8257,False,0,x86_64,13526,4.6338917221874,16502,8251,1.8369772913865745,1.836848258972168,-6496.0,,4.575847578234971,16502,8251,1.8554831561632454,1.8553645610809326,-6496.0,,4.5279022878967226,16502,8251,58.96497632516548,58.96486687660217,-6496.0,,4.560987065080553,16502,8251,6.3404444716870785,6.340331554412842,-7948.254225088249,
1730259886.388376,rays-5,1000,1730258795.844384,3.927855711422846,0.5,6,500,8469,False,0,x86_64,15264,4.997128686867654,16926,8463,1.6539400005713105,1.6538264751434326,-6648.0,,5.017296687699854,16926,8463,2.0196848302148283,2.019571542739868,-6648.0,,5.013354518916458,16926,8463,76.79732874128968,76.79721355438232,-6648.0,,5.042470095213503,16926,8463,9.359271354973316,9.359142541885376,-8159.937712742582,
1730260004.340811,rays-5,1000,1730258795.844384,3.9388777555110224,0.5,6,500,8687,False,0,x86_64,17680,5.6760429460555315,17358,8679,1.9774113926105201,1.977297067642212,-6764.0,,5.668537036050111,17358,8679,2.456372964195907,2.456251621246338,-6764.0,,5.662942667026073,17358,8679,120.83131853211671,120.83120059967041,-6764.0,,5.638176149223,17358,8679,11.759129402693361,11.759008407592773,-8362.846643518586,
1730260173.187936,rays-5,1000,1730258795.844384,3.9498997995991987,0.5,6,500,8910,False,0,x86_64,20627,6.374820607248694,17804,8902,2.245719105936587,2.245604991912842,-6867.0,,6.40732870483771,17804,8902,2.6895728409290314,2.6894443035125732,-6867.0,,6.413248880766332,17804,8902,291.88013189379126,291.88000535964966,-6867.0,,6.412732616998255,17804,8902,16.186943117063493,16.186814069747925,-8584.102242614721,
1730260522.178948,rays-5,1000,1730258795.844384,3.960921843687375,0.5,6,500,9139,False,0,x86_64,22962,6.907078794203699,18260,9130,2.2212933488190174,2.2211811542510986,-7000.0,,6.94606305193156,18260,9130,2.561328278388828,2.56121563911438,-7000.0,,6.941252545919269,18260,9130,212.16044173622504,212.16032147407532,-7000.0,,6.98663602815941,18260,9130,26.02048753714189,26.020364999771118,-8818.202328593565,
1730260803.860639,rays-5,1000,1730258795.844384,3.9719438877755513,0.5,6,500,9374,False,0,x86_64,26405,7.8128273780457675,18728,9364,2.4203807152807713,2.4202640056610107,-7159.0,,7.7857545972801745,18728,9364,3.479242957662791,3.4791250228881836,-7159.0,,7.886446780059487,18728,9364,339.40272889006883,339.40259408950806,-7159.0,,7.879322370979935,18728,9364,45.78182864561677,45.78170561790466,-9061.550233686166,
1730261238.67599,rays-5,1000,1730258795.844384,3.9829659318637276,0.5,6,500,9615,False,0,x86_64,29646,8.655271235853434,19208,9604,2.7744531109929085,2.7743353843688965,-7274.0,,8.658117337618023,19208,9604,3.5458939843811095,3.5457725524902344,-7274.0,,8.680406386964023,19208,9604,371.12232428370044,371.12219524383545,-7274.0,,8.67573942989111,19208,9604,54.953663136810064,54.953508615493774,-9304.677738646491,
1730261719.28671,rays-5,1000,1730258795.844384,3.993987975951904,0.5,6,500,9862,False,0,x86_64,33363,9.50212355190888,19702,9851,2.777105323970318,2.7769932746887207,-7411.0,,9.5330800418742,19702,9851,3.534476784989238,3.534359931945801,-7411.0,,9.601375261787325,19702,9851,416.7138054287061,416.71367287635803,-7411.0,,9.601978761143982,19702,9851,67.80017354199663,67.8000590801239,-9558.52179563502,
1730262263.242809,rays-5,1000,1730258795.844384,4.00501002004008,0.5,6,500,10116,False,0,x86_64,37991,10.763127211946994,20210,10105,3.3737242249771953,3.373607873916626,-7595.0,,10.70582928834483,20210,10105,4.065735340118408,4.065614700317383,-7595.0,,10.739479119889438,20210,10105,474.79642267292365,474.7962968349457,-7595.0,,10.72781169693917,20210,10105,180.97775610117242,180.97763586044312,-9823.907468309231,
1730262985.665413,rays-5,1000,1730258795.844384,4.0160320641282565,0.5,6,500,10376,False,0,x86_64,43392,12.067000604234636,20730,10365,3.5772160440683365,3.5770721435546875,-7780.0,,12.251678503118455,20730,10365,5.096806106157601,5.096679449081421,-7780.0,,12.096720058936626,20730,10365,369.0315193240531,369.03138732910156,-7780.0,,12.460674501024187,20730,10365,228.37664099829271,228.3764934539795,-10093.355893132863,
1730263659.609468,rays-5,1000,1730258795.844384,4.027054108216433,0.5,6,500,10642,False,0,x86_64,48413,13.41990278987214,21262,10631,4.342631516978145,4.342493057250977,-7946.0,,13.378236161079258,21262,10631,5.16731264302507,5.167186737060547,-7946.0,,13.369115505833179,21262,10631,301.3631700188853,301.3630437850952,-7946.0,,13.265400358941406,21262,10631,242.20420378586277,242.2040901184082,-10367.599809618514,
1730264286.679927,rays-5,1000,1730258795.844384,4.03807615230461,0.5,6,500,10916,False,0,x86_64,54650,14.745195975992829,21806,10903,4.1405305922962725,4.140414237976074,-8108.0,,14.890136770904064,21806,10903,5.387831158004701,5.387541770935059,-8108.0,,14.838851722422987,21806,10903,405.6991777252406,405.6990611553192,-8108.0,,14.758303912822157,21806,10903,275.41647487925366,275.4163591861725,-10649.385264038707,
1730265058.771798,rays-5,1000,1730258795.844384,4.0490981963927855,0.5,6,500,11196,False,0,x86_64,60669,16.381252089049667,22366,11183,4.691907298285514,4.691776752471924,-8338.0,,16.338560820091516,22366,11183,6.823415210004896,6.823294162750244,-8338.0,,16.362850221805274,22366,11183,405.61468638293445,405.6145532131195,-8338.0,,16.601590437814593,22366,11183,456.22189945029095,456.2217619419098,-10942.000296280785,
1730266022.826999,rays-5,1000,1730258795.844384,4.060120240480963,0.5,6,500,11484,False,0,x86_64,69102,18.429703467991203,22942,11471,4.982271632645279,4.982162714004517,-8541.0,,18.441396167036146,22942,11471,6.617047135718167,6.616931915283203,-8541.0,,18.39784552389756,22942,11471,461.23248364171013,461.23235869407654,-8541.0,,18.438173312693834,22942,11471,604.1502756322734,604.1501567363739,-11236.364608450089,
1730267201.479479,rays-5,1000,1730258795.844384,4.071142284569138,0.5,6,500,11779,False,0,x86_64,78926,21.425249961204827,23530,11765,6.153817215934396,6.153700351715088,-8750.0,,21.649715761188418,23530,11765,7.5632703471928835,7.563157320022583,-8750.0,,21.445499069057405,23530,11765,476.87287119822577,476.87275290489197,-8750.0,,20.719431491103023,23530,11765,702.5636239470914,702.5635008811951,-11539.925159871973,
1730268512.110987,rays-5,1000,1730258795.844384,4.082164328657315,0.5,6,500,12082,False,0,x86_64,87465,22.969615494832397,24134,12067,7.326922330074012,7.326797962188721,-8947.0,,23.063255961053073,24134,12067,8.979200831148773,8.979041576385498,-8947.0,,23.068808561190963,24134,12067,728.4634840828367,728.4633328914642,-8947.0,,22.85740360803902,24134,12067,748.7282617827877,748.7281339168549,-11850.038505110038,
1730270132.501012,rays-5,1000,1730258795.844384,4.093186372745491,0.5,6,500,12393,False,0,x86_64,96653,25.31708514690399,24756,12378,6.501888736151159,6.501765012741089,-9158.0,,25.170894591603428,24756,12378,9.363269322086126,9.363146543502808,-9158.0,,25.256162786856294,24756,12378,745.0579607710242,745.0578246116638,-9158.0,,25.38305728510022,24756,12378,695.0900903199799,695.0899605751038,-12171.466665619642,
1730271726.872989,rays-5,1000,1730258795.844384,4.104208416833668,0.5,6,500,12711,False,0,x86_64,108796,28.276177683845162,25388,12694,7.243117784149945,7.242994785308838,-9414.0,,28.415500923991203,25388,12694,10.21116673015058,10.21105408668518,-9414.0,,28.3169462881051,25388,12694,1126.1344842431135,1126.13436627388,-9414.0,,29.021086117252707,25388,12694,540.0993383410387,540.0992052555084,-12505.017762385207,
1730273566.815223,rays-5,1000,1730258795.844384,4.115230460921843,0.5,6,500,13038,False,0,x86_64,123434,32.85320528689772,26042,13021,8.41338942013681,8.413264274597168,-9651.0,,32.91575158201158,26042,13021,12.520008340943605,12.519877910614014,-9651.0,,32.91879596794024,26042,13021,2923.2951573850587,2923.294987678528,-9651.0,,32.98994564404711,26042,13021,721.1647529099137,721.1646173000336,-12838.736523486821,
1730277412.012004,rays-5,1000,1730258795.844384,4.1262525050100205,0.5,6,500,13373,False,0,x86_64,138796,37.002366963308305,26710,13355,9.502105886116624,9.501973628997803,-9885.0,,36.83936793170869,26710,13355,13.627585554961115,13.627451658248901,-9885.0,,36.85901843709871,26710,13355,3224.9085456882603,3224.8541643619537,-9885.0,,36.639992711134255,26710,13355,701.6292967689224,701.6291615962982,-13186.117634781602,
1730281564.0745,rays-5,1000,1730258795.844384,4.137274549098197,0.5,6,500,13717,False,0,x86_64,157737,41.392336742952466,27396,13698,11.599457797128707,11.599334716796875,-10168.0,,41.538453491870314,27396,13698,15.421188761014491,15.421043634414673,-10168.0,,41.58186933491379,27396,13698,3778.638121310156,3778.637983083725,-10168.0,,41.55527255591005,27396,13698,919.0395287782885,919.0393860340118,-13543.651213485282,
1730286516.733373,rays-5,1000,1730258795.844384,4.148296593186373,0.5,6,500,14070,False,0,x86_64,180409,47.42197154974565,28102,14051,11.777367763221264,11.777090072631836,-10456.0,,47.16254888707772,28102,14051,17.0907154022716,17.090580463409424,-10456.0,,47.10893164202571,28102,14051,5780.523434977047,5780.523285627365,-10456.0,,47.70800154004246,28102,14051,1107.2919101570733,1107.2915937900543,-13904.396252986726,
1730293692.390431,rays-5,1000,1730258795.844384,4.159318637274549,0.5,6,500,14431,False,0,x86_64,209121,55.68015901139006,28822,14411,13.551200933288783,13.551057577133179,-10741.0,,54.50848021125421,28822,14411,19.85961457900703,19.859462022781372,-10741.0,,54.234850564040244,28822,14411,8004.781046574004,8004.780908823013,-10741.0,,54.31568730901927,28822,14411,1686.5024410081096,1686.5023036003113,-14275.611100400596,
1730307687.280584,rays-5,1000,1730307653.536477,3.156312625250501,0.5,6,500,1433,False,0,x86_64,1,0.2493058554828167,2866,1433,0.20981034077703953,0.2095167636871338,-1428.0,,0.26426619850099087,2866,1433,0.23093649558722973,0.23079276084899902,-1428.0,,0.31070875748991966,2866,1433,0.1970275416970253,0.19691967964172363,-1428.0,,0.25122918374836445,2866,1433,0.5534295421093702,0.5532834529876709,-1428.0,
1730307689.945604,rays-5,1000,1730307653.536477,3.1673346693386777,0.5,6,500,1470,False,0,x86_64,1,0.25535508431494236,2940,1470,0.3005980011075735,0.30045509338378906,-1465.0,,0.2630505599081516,2940,1470,0.18314060382544994,0.18300199508666992,-1465.0,,0.25966404378414154,2940,1470,0.3805792573839426,0.380429744720459,-1465.0,,0.2809142656624317,2940,1470,0.36047424748539925,0.36034655570983887,-1465.0,
1730307692.706925,rays-5,1000,1730307653.536477,3.178356713426854,0.5,6,500,1507,False,0,x86_64,1,0.2578646056354046,3014,1507,0.4690735377371311,0.4689314365386963,-1502.0,,0.2885719779878855,3014,1507,0.191458472982049,0.1913149356842041,-1502.0,,0.2623710986226797,3014,1507,0.2003038488328457,0.20016074180603027,-1502.0,,0.26445401832461357,3014,1507,0.23737012781202793,0.23722147941589355,-1502.0,
1730307695.303143,rays-5,1000,1730307653.536477,3.1893787575150303,0.5,6,500,1546,False,0,x86_64,1,0.26407457888126373,3092,1546,0.332874258980155,0.3327372074127197,-1541.0,,0.2953835818916559,3092,1546,0.18913396075367928,0.18898844718933105,-1541.0,,0.2672776188701391,3092,1546,0.518357340246439,0.5182013511657715,-1541.0,,0.28949359245598316,3092,1546,0.4369849096983671,0.4368300437927246,-1541.0,
1730307698.399404,rays-5,1000,1730307653.536477,3.2004008016032066,0.5,6,500,1586,False,0,x86_64,3,0.271713862195611,3172,1586,0.6603230107575655,0.6601746082305908,-1576.0,,0.33052095770835876,3172,1586,0.43854744732379913,0.4384136199951172,-1576.0,,0.2889566347002983,3172,1586,0.7265679556876421,0.7264220714569092,-1576.0,,0.27734096720814705,3172,1586,0.5341148115694523,0.5339655876159668,-1578.0,
1730307702.424054,rays-5,1000,1730307653.536477,3.211422845691383,0.5,6,500,1627,False,0,x86_64,4,0.2747070863842964,3254,1627,0.7858644295483828,0.785703182220459,-1612.0,,0.30115726962685585,3254,1627,0.3325170613825321,0.33239126205444336,-1612.0,,0.2912137284874916,3254,1627,0.2813476715236902,0.2812051773071289,-1612.0,,0.2746644392609596,3254,1627,0.43735968694090843,0.437206506729126,-1614.0,
1730307705.928369,rays-5,1000,1730307653.536477,3.2224448897795592,0.5,6,500,1668,False,0,x86_64,8,0.27895126305520535,3336,1668,0.4201333038508892,0.41999220848083496,-1653.0,,0.29664248414337635,3336,1668,0.3934974279254675,0.39335060119628906,-1653.0,,0.3305736780166626,3336,1668,0.5858679004013538,0.5857415199279785,-1653.0,,0.27808340825140476,3336,1668,0.5801281500607729,0.57997727394104,-1656.6666666666667,
1730307709.593727,rays-5,1000,1730307653.536477,3.2334669338677355,0.5,6,500,1711,False,0,x86_64,8,0.28196548484265804,3420,1710,0.40044261515140533,0.40029311180114746,-1695.0,,0.2987862788140774,3420,1710,0.5777617506682873,0.5776019096374512,-1695.0,,0.30721524357795715,3420,1710,0.3798588402569294,0.3797323703765869,-1695.0,,0.2977299615740776,3420,1710,0.20621422305703163,0.2060694694519043,-1698.6666666666667,
1730307712.877451,rays-5,1000,1730307653.536477,3.244488977955912,0.5,6,500,1755,False,0,x86_64,10,0.2862577233463526,3508,1754,0.3815763369202614,0.38142991065979004,-1734.0,,0.30204424634575844,3508,1754,0.5127145051956177,0.512244462966919,-1734.0,,0.30734991654753685,3508,1754,0.45914540998637676,0.45902276039123535,-1734.0,,0.2965458184480667,3508,1754,0.2272081021219492,0.2270643711090088,-1739.6666666666667,
1730307716.159364,rays-5,1000,1730307653.536477,3.255511022044088,0.5,6,500,1800,False,0,x86_64,12,0.29071506671607494,3598,1799,0.3776610791683197,0.37749791145324707,-1779.0,,0.3150822315365076,3598,1799,0.2942074313759804,0.29405879974365234,-1779.0,,0.3149276804178953,3598,1799,0.347086563706398,0.3469657897949219,-1779.0,,0.29596359841525555,3598,1799,0.4628797210752964,0.4627246856689453,-1785.9166666666667,
1730307719.386102,rays-5,1000,1730307653.536477,3.2665330661322645,0.5,6,500,1847,False,0,x86_64,13,0.30089762806892395,3692,1846,0.44924468733370304,0.449082612991333,-1821.0,,0.3151740152388811,3692,1846,0.5240214131772518,0.5238738059997559,-1821.0,,0.3171665705740452,3692,1846,0.5731499399989843,0.5730183124542236,-1821.0,,0.3218268621712923,3692,1846,0.5951710920780897,0.595024585723877,-1827.9166666666667,
1730307723.373991,rays-5,1000,1730307653.536477,3.277555110220441,0.5,6,500,1894,False,0,x86_64,15,0.29945641197264194,3786,1893,0.9761609397828579,0.9760165214538574,-1868.0,,0.32277607172727585,3786,1893,1.8750298004597425,1.8748891353607178,-1868.0,,0.32344340719282627,3786,1893,0.7920023836195469,0.7916421890258789,-1868.0,,0.3229443710297346,3786,1893,1.384069824591279,1.3839259147644043,-1875.125,
1730307730.235852,rays-5,1000,1730307653.536477,3.2885771543086175,0.5,6,500,1943,False,0,x86_64,16,0.30728036537766457,3884,1942,0.7105754520744085,0.710423469543457,-1912.0,,0.3245916720479727,3884,1942,0.5282861366868019,0.5281355381011963,-1912.0,,0.3182877264916897,3884,1942,0.4268186278641224,0.4266965389251709,-1912.0,,0.31061189994215965,3884,1942,0.3810997474938631,0.38095617294311523,-1919.125,
1730307734.131377,rays-5,1000,1730307653.536477,3.299599198396794,0.5,6,500,1993,False,0,x86_64,19,0.3112421799451113,3984,1992,0.6988401040434837,0.6986851692199707,-1952.0,,0.32571749202907085,3984,1992,0.6947844158858061,0.694629430770874,-1952.0,,0.3626882005482912,3984,1992,0.48239265009760857,0.48225975036621094,-1952.0,,0.32609968073666096,3984,1992,0.4813508801162243,0.48119115829467773,-1961.125,
1730307738.375025,rays-5,1000,1730307653.536477,3.31062124248497,0.5,6,500,2044,False,0,x86_64,19,0.32144976779818535,4086,2043,0.5180534925311804,0.5179059505462646,-2003.0,,0.33805402368307114,4086,2043,0.5338151920586824,0.5336785316467285,-2003.0,,0.3402093555778265,4086,2043,0.2765662092715502,0.27642107009887695,-2003.0,,0.30362324602901936,4086,2043,-1,-1,-1,-1,PuLP: Error while trying to execute gurobi_cl
1730307742.158855,rays-5,1000,1730307653.536477,3.3216432865731464,0.5,6,500,2097,False,0,x86_64,20,0.3248286582529545,4192,2096,0.5307373255491257,0.5305745601654053,-2056.0,,0.3424103930592537,4192,2096,0.8864037413150072,0.8862485885620117,-2056.0,,0.34987171925604343,4192,2096,0.639534056186676,0.6393921375274658,-2056.0,,0.3287439700216055,4192,2096,0.4893246367573738,0.48917341232299805,-2067.125,
1730307746.637528,rays-5,1000,1730307653.536477,3.3326653306613228,0.5,6,500,2151,False,0,x86_64,27,0.3287532404065132,4300,2150,0.4964929651468992,0.4963696002960205,-2095.0,,0.3446808494627476,4300,2150,0.5803404804319143,0.5801746845245361,-2095.0,,0.35419278778135777,4300,2150,0.6084994357079268,0.6083409786224365,-2095.0,,0.34989686124026775,4300,2150,0.41281858086586,0.4127013683319092,-2111.375,
1730307750.777948,rays-5,1000,1730307653.536477,3.343687374749499,0.5,6,500,2206,False,0,x86_64,28,0.33359763212502,4410,2205,0.5214393716305494,0.5212802886962891,-2145.0,,0.36271991208195686,4410,2205,0.6507551912218332,0.6506023406982422,-2145.0,,0.3632656894624233,4410,2205,0.7126076463609934,0.7124910354614258,-2145.0,,0.33613299392163754,4410,2205,0.5200124830007553,0.5198616981506348,-2161.375,
1730307755.213867,rays-5,1000,1730307653.536477,3.3547094188376754,0.5,6,500,2263,False,0,x86_64,30,0.30023401603102684,4524,2262,0.49473206140100956,0.4945943355560303,-2202.0,,0.3166972156614065,4524,2262,0.6001287493854761,0.5999794006347656,-2202.0,,0.3945542126893997,4524,2262,1.4312035534530878,1.4310708045959473,-2202.0,,0.35010720789432526,4524,2262,1.2416911721229553,1.241546869277954,-2219.625,
1730307760.927697,rays-5,1000,1730307653.536477,3.3657314629258517,0.5,6,500,2321,False,0,x86_64,30,0.348739555105567,4640,2320,1.0437283627688885,1.0435810089111328,-2260.0,,0.35765139758586884,4640,2320,0.8013350460678339,0.8011975288391113,-2260.0,,0.36763714253902435,4640,2320,1.5263300370424986,1.5261528491973877,-2260.0,,0.36960790678858757,4640,2320,0.5364324003458023,0.5362529754638672,-2277.625,
1730307766.962081,rays-5,1000,1730307653.536477,3.3767535070140284,0.5,6,500,2380,False,0,x86_64,41,0.3553622867912054,4758,2379,0.5134607832878828,0.5133354663848877,-2309.0,,0.3696059640496969,4758,2379,0.34483695589005947,0.3446962833404541,-2309.0,,0.3642423767596483,4758,2379,0.8601674921810627,0.8600337505340576,-2309.0,,0.35974455438554287,4758,2379,0.6158454827964306,0.6157402992248535,-2335.5416666666665,
1730307771.453883,rays-5,1000,1730307653.536477,3.3877755511022047,0.5,6,500,2442,False,0,x86_64,41,0.3593634683638811,4882,2441,1.0494827032089233,1.0493173599243164,-2371.0,,0.378906074911356,4882,2441,0.6703221835196018,0.6700832843780518,-2371.0,,0.3810433018952608,4882,2441,0.6821091845631599,0.6819829940795898,-2371.0,,0.3861786797642708,4882,2441,0.7502223681658506,0.7500784397125244,-2397.5416666666665,
1730307776.818437,rays-5,1000,1730307653.536477,3.398797595190381,0.5,6,500,2504,False,0,x86_64,48,0.3748456332832575,5004,2502,1.3313992284238338,1.3312594890594482,-2427.0,,0.42720381170511246,5004,2502,0.41549387760460377,0.4153721332550049,-2427.0,,0.3924834579229355,5004,2502,0.7316551227122545,0.7315168380737305,-2427.0,,0.33257827907800674,5004,2502,0.6937479246407747,0.6936354637145996,-2454.708333333333,
1730307782.189976,rays-5,1000,1730307653.536477,3.4098196392785574,0.5,6,500,2569,False,0,x86_64,57,0.3839473892003298,5134,2567,0.8462599478662014,0.8461167812347412,-2487.0,,0.392845144495368,5134,2567,0.44545039162039757,0.4453151226043701,-2487.0,,0.3948925342410803,5134,2567,0.4901941604912281,0.49007701873779297,-2487.0,,0.3844496253877878,5134,2567,0.3735351040959358,0.37336277961730957,-2519.2916666666665,
1730307786.621982,rays-5,1000,1730307653.536477,3.4208416833667337,0.5,6,500,2635,False,0,x86_64,61,0.3883707895874977,5264,2632,-1,-1,-1,-1,PuLP: Error while trying to execute gurobi_cl,0.4047160614281893,5264,2632,0.7875406313687563,0.7874202728271484,-2547.0,,0.40798042714595795,5264,2632,0.6054689399898052,0.6053404808044434,-2547.0,,0.3878555055707693,5264,2632,1.3153905645012856,1.315269947052002,-2582.5416666666665,
1730307791.902111,rays-5,1000,1730307653.536477,3.43186372745491,0.5,6,500,2703,False,0,x86_64,81,0.39697455801069736,5400,2700,0.643899803981185,0.6437549591064453,-2610.0,,0.4085098374634981,5400,2700,1.0587614830583334,1.0586323738098145,-2610.0,,0.41791199892759323,5400,2700,1.3063629101961851,1.3062429428100586,-2610.0,,0.41315247118473053,5400,2700,0.49309474416077137,0.49295663833618164,-2650.6736111111104,
1730307797.786824,rays-5,1000,1730307653.536477,3.4428857715430863,0.5,6,500,2772,False,0,x86_64,85,0.4034348838031292,5538,2769,0.46300079114735126,0.4628927707672119,-2674.0,,0.3653971590101719,5538,2769,0.5553103480488062,0.5551786422729492,-2674.0,,0.4250279515981674,5538,2769,0.7864509206265211,0.7863147258758545,-2674.0,,0.4254600200802088,5538,2769,0.32762398198246956,0.327500581741333,-2719.340277777777,
1730307802.303366,rays-5,1000,1730307653.536477,3.4539078156312626,0.5,6,500,2843,False,0,x86_64,88,0.4120246600359678,5680,2840,0.8269226085394621,0.8267877101898193,-2735.0,,0.4334512073546648,5680,2840,0.8835502564907074,0.8834302425384521,-2735.0,,0.43450332805514336,5680,2840,1.5295101776719093,1.5292627811431885,-2735.0,,0.43471965193748474,5680,2840,0.6202118117362261,0.6200530529022217,-2782.340277777777,
1730307808.656339,rays-5,1000,1730307653.536477,3.464929859719439,0.5,6,500,2916,False,0,x86_64,107,0.4731857441365719,5824,2912,0.2912288326770067,0.2911257743835449,-2802.0,,0.37749537266790867,5824,2912,0.29055261984467506,0.2904212474822998,-2802.0,,0.37566391564905643,5824,2912,0.37018271535634995,0.37008094787597656,-2802.0,,0.37724917382001877,5824,2912,0.3017954099923372,0.3016684055328369,-2851.256944444444,
1730307812.254857,rays-5,1000,1730307653.536477,3.475951903807615,0.5,6,500,2991,False,0,x86_64,107,0.3805959150195122,5974,2987,0.28715482354164124,0.2870485782623291,-2877.0,,0.3836637381464243,5974,2987,0.8693964723497629,0.8692686557769775,-2877.0,,0.4352866970002651,5974,2987,0.5895657390356064,0.5894339084625244,-2877.0,,0.40970819257199764,5974,2987,0.7746560610830784,0.774545431137085,-2926.256944444444,
1730307817.159172,rays-5,1000,1730307653.536477,3.486973947895792,0.5,6,500,3068,False,0,x86_64,121,0.44710429199039936,6128,3064,0.2852180600166321,0.28508925437927246,-2939.0,,0.3921201229095459,6128,3064,0.729730224236846,0.7296187877655029,-2939.0,,0.46326594799757004,6128,3064,1.1631042193621397,1.1629679203033447,-2939.0,,0.4429900757968426,6128,3064,0.8082894366234541,0.8081724643707275,-2996.1736111111113,
1730307822.767802,rays-5,1000,1730307653.536477,3.4979959919839683,0.5,6,500,3147,False,0,x86_64,124,0.4513551741838455,6286,3143,0.33860605396330357,0.33847546577453613,-3013.0,,0.4055282808840275,6286,3143,0.32879890501499176,0.32868146896362305,-3013.0,,0.40006569400429726,6286,3143,0.581090347841382,0.5809633731842041,-3013.0,,0.4046716336160898,6286,3143,0.38799851201474667,0.38788700103759766,-3072.8402777777774,
1730307826.891458,rays-5,1000,1730307653.536477,3.5090180360721446,0.5,6,500,3228,False,0,x86_64,138,0.40853939205408096,6448,3224,0.44640534557402134,0.44628238677978516,-3089.0,,0.4790042117238045,6448,3224,0.590323681011796,0.5902009010314941,-3089.0,,0.479569885879755,6448,3224,0.5059910323470831,0.5058574676513672,-3089.0,,0.40817082300782204,6448,3224,0.7588413842022419,0.7587037086486816,-3152.6527777777783,
1730307831.810454,rays-5,1000,1730307653.536477,3.520040080160321,0.5,6,500,3311,False,0,x86_64,159,0.47425831481814384,6614,3307,0.532815732061863,0.5327050685882568,-3152.0,,0.49356743320822716,6614,3307,0.8866822719573975,0.8865475654602051,-3152.0,,0.5241863690316677,6614,3307,0.6771009713411331,0.6769866943359375,-3152.0,,0.41951959021389484,6614,3307,0.38889055512845516,0.38875818252563477,-3225.5694444444443,
1730307837.07399,rays-5,1000,1730307653.536477,3.531062124248497,0.5,6,500,3396,False,0,x86_64,174,0.45985020510852337,6784,3392,0.5921421479433775,0.5920302867889404,-3217.0,,0.4575664922595024,6784,3392,0.33137725107371807,0.3312537670135498,-3217.0,,0.4663191791623831,6784,3392,0.9620094429701567,0.9619054794311523,-3217.0,,0.4805806316435337,6784,3392,0.8857268691062927,0.8855857849121094,-3300.4027777777774,
1730307842.523978,rays-5,1000,1730307653.536477,3.5420841683366735,0.5,6,500,3484,False,0,x86_64,199,0.5326878353953362,6960,3480,0.4296162575483322,0.4295070171356201,-3285.0,,0.4433404039591551,6960,3480,0.4429446589201689,0.44281506538391113,-3285.0,,0.45451742596924305,6960,3480,0.5983314290642738,0.5982105731964111,-3285.0,,0.4441806524991989,6960,3480,0.7575646638870239,0.7574470043182373,-3383.486111111111,
1730307847.554328,rays-5,1000,1730307653.536477,3.55310621242485,0.5,6,500,3573,False,0,x86_64,210,0.5080824922770262,7138,3569,0.6545161865651608,0.6543731689453125,-3364.0,,0.5282725542783737,7138,3569,0.338186988607049,0.3380765914916992,-3364.0,,0.4562021270394325,7138,3569,0.7058232259005308,0.7057046890258789,-3364.0,,0.4561960641294718,7138,3569,0.6487168725579977,0.6486132144927979,-3470.486111111111,
1730307852.823568,rays-5,1000,1730307653.536477,3.564128256513026,0.5,6,500,3665,False,0,x86_64,247,0.5272430442273617,7322,3661,0.65975346788764,0.65962815284729,-3436.0,,0.5388661362230778,7322,3661,0.9197117574512959,0.9195988178253174,-3436.0,,0.529197433963418,7322,3661,0.7915605269372463,0.7914285659790039,-3436.0,,0.514778072014451,7322,3661,0.8079931307584047,0.807877779006958,-3553.84722222222,
1730307859.145512,rays-5,1000,1730307653.536477,3.5751503006012024,0.5,6,500,3759,False,0,x86_64,284,0.5415419358760118,7510,3755,0.525822926312685,0.5257165431976318,-3520.0,,0.4788072984665632,7510,3755,0.6830638982355595,0.682936429977417,-3520.0,,0.5440032966434956,7510,3755,0.7856026329100132,0.7854974269866943,-3520.0,,0.4788179360330105,7510,3755,0.4554467536509037,0.4553258419036865,-3649.6805555555525,
1730307864.705362,rays-5,1000,1730307653.536477,3.5861723446893787,0.5,6,500,3856,False,0,x86_64,360,0.5347120240330696,7704,3852,0.4331372883170843,0.43303751945495605,-3592.0,,0.5012887716293335,7704,3852,0.38581400364637375,0.38570690155029297,-3592.0,,0.49873111955821514,7704,3852,0.9668317474424839,0.9666976928710938,-3592.0,,0.5001836288720369,7704,3852,0.8667492847889662,0.8666341304779053,-3737.541666666664,
1730307870.448163,rays-5,1000,1730307653.536477,3.5971943887775555,0.5,6,500,3955,False,0,x86_64,424,0.5857034083455801,7902,3951,0.665138591080904,0.665006160736084,-3686.0,,0.5231461897492409,7902,3951,0.5833294540643692,0.5831875801086426,-3686.0,,0.514321094378829,7902,3951,1.1595091819763184,1.159398078918457,-3686.0,,0.5184029713273048,7902,3951,0.617903608828783,0.6177701950073242,-3834.7013888888846,
1730307876.627767,rays-5,1000,1730307653.536477,3.608216432865732,0.5,6,500,4057,False,0,x86_64,470,0.5655937530100346,8106,4053,0.8741859421133995,0.874077320098877,-3773.0,,0.6166603956371546,8106,4053,0.4398142732679844,0.4397084712982178,-3773.0,,0.5391020104289055,8106,4053,1.0858776848763227,1.0857462882995605,-3773.0,,0.5304116047918797,8106,4053,0.621401060372591,0.6212997436523438,-3933.6319444444407,
1730307882.970546,rays-5,1000,1730307653.536477,3.619238476953908,0.5,6,500,4161,False,0,x86_64,494,0.5498880930244923,8314,4157,0.6768511589616537,0.6767361164093018,-3857.0,,0.6290701255202293,8314,4157,0.563027011230588,0.5628952980041504,-3857.0,,0.5652643404901028,8314,4157,1.2871553227305412,1.2870466709136963,-3857.0,,0.5561904683709145,8314,4157,0.5768679995089769,0.5767443180084229,-4031.0819444444396,
1730307889.548433,rays-5,1000,1730307653.536477,3.6302605210420844,0.5,6,500,4268,False,0,x86_64,587,0.643384724855423,8528,4264,0.9768938440829515,0.9767622947692871,-3954.0,,0.6541523244231939,8528,4264,0.5833061803132296,0.5831954479217529,-3954.0,,0.6494591273367405,8528,4264,2.112511210143566,2.112401247024536,-3954.0,,0.5828894451260567,8528,4264,0.7488993015140295,0.7487711906433105,-4134.791666666666,
1730307897.70139,rays-5,1000,1730307653.536477,3.6412825651302607,0.5,6,500,4378,False,0,x86_64,628,0.6841967143118382,8748,4374,1.2895293198525906,1.2894210815429688,-4054.0,,0.6681940965354443,8748,4374,2.5032002553343773,2.5030863285064697,-4054.0,,0.6669963151216507,8748,4374,1.6772051770240068,1.6770732402801514,-4054.0,,0.5999848991632462,8748,4374,0.5972700137645006,0.5971486568450928,-4250.840277777777,
1730307907.579494,rays-5,1000,1730307653.536477,3.652304609218437,0.5,6,500,4490,False,0,x86_64,668,0.6042316239327192,8972,4486,0.5287817902863026,0.5286688804626465,-4136.0,,0.6222636643797159,8972,4486,0.7368234861642122,0.7367112636566162,-4136.0,,0.6837015766650438,8972,4486,2.0350538436323404,2.0349199771881104,-4136.0,,0.6204710584133863,8972,4486,0.5826296675950289,0.5825140476226807,-4351.11342592593,
1730307915.244747,rays-5,1000,1730307653.536477,3.6633266533066133,0.5,6,500,4606,False,0,x86_64,749,0.626220291480422,9204,4602,0.9065842423588037,0.9064803123474121,-4242.0,,0.7112734075635672,9204,4602,1.0325979720801115,1.0324795246124268,-4242.0,,0.7143322173506021,9204,4602,1.1860275957733393,1.1859040260314941,-4242.0,,0.6303657069802284,9204,4602,0.581659734249115,0.581545352935791,-4467.8420370370395,
1730307922.939087,rays-5,1000,1730307653.536477,3.6743486973947896,0.5,6,500,4724,False,0,x86_64,817,0.6434811446815729,9440,4720,0.9609411116689444,0.9608292579650879,-4335.0,,0.7391007486730814,9440,4720,0.49727717228233814,0.49717020988464355,-4335.0,,0.6414487734436989,9440,4720,1.8400063421577215,1.8398737907409668,-4335.0,,0.6732784602791071,9440,4720,1.3713336177170277,1.371220350265503,-4576.654537037039,
1730307931.704219,rays-5,1000,1730307653.536477,3.685370741482966,0.5,6,500,4845,False,0,x86_64,898,0.7825323008000851,9682,4841,0.6282588541507721,0.6281552314758301,-4441.0,,0.6604883465915918,9682,4841,0.5532850492745638,0.5531768798828125,-4441.0,,0.6664853729307652,9682,4841,1.4881647545844316,1.48805832862854,-4441.0,,0.6639688033610582,9682,4841,0.8995354417711496,0.8994195461273193,-4699.544814814816,
1730307939.6052,rays-5,1000,1730307653.536477,3.6963927855711423,0.5,6,500,4970,False,0,x86_64,1072,0.7894992642104626,9932,4966,0.8305459879338741,0.8304238319396973,-4506.0,,0.7978445217013359,9932,4966,1.031906759366393,1.0317788124084473,-4506.0,,0.7949857600033283,9932,4966,1.9063864666968584,1.9062790870666504,-4506.0,,0.7086126673966646,9932,4966,1.0391657706350088,1.039048671722412,-4805.274444444444,
1730307948.97163,rays-5,1000,1730307653.536477,3.707414829659319,0.5,6,500,5098,False,0,x86_64,1227,0.8409518133848906,10186,5093,0.7680736668407917,0.7679646015167236,-4573.0,,0.8326551672071218,10186,5093,0.8621533922851086,0.8620457649230957,-4573.0,,0.8361217807978392,10186,5093,1.819237969815731,1.8191337585449219,-4573.0,,0.7329332232475281,10186,5093,0.8106800224632025,0.8105740547180176,-4906.274444444448,
1730307958.050293,rays-5,1000,1730307653.536477,3.7184368737474953,0.5,6,500,5229,False,0,x86_64,1460,0.778886653482914,10446,5223,0.5902592558413744,0.590144157409668,-4638.0,,0.775477422401309,10446,5223,0.8198204766958952,0.8196849822998047,-4638.0,,0.8723797611892223,10446,5223,2.619659399613738,2.619523763656616,-4638.0,,0.8846763148903847,10446,5223,1.0531846191734076,1.053081750869751,-5020.213333333332,
1730307968.07762,rays-5,1000,1730307653.536477,3.7294589178356716,0.5,6,500,5363,False,0,x86_64,1602,0.9057806544005871,10714,5357,0.6217150874435902,0.6216123104095459,-4747.0,,0.844861127436161,10714,5357,0.8124610744416714,0.8123564720153809,-4747.0,,0.8988683614879847,10714,5357,2.2696387507021427,2.26953387260437,-4747.0,,0.8439074158668518,10714,5357,0.7942299731075764,0.7941241264343262,-5159.645277777777,
1730307977.868633,rays-5,1000,1730307653.536477,3.740480961923848,0.5,6,500,5501,False,0,x86_64,1819,0.8833985775709152,10990,5495,0.9343577511608601,0.934246301651001,-4825.0,,0.9746787585318089,10990,5495,0.6668346039950848,0.6667323112487793,-4825.0,,0.8530646897852421,10990,5495,5.983545007184148,5.983435869216919,-4825.0,,0.8907708078622818,10990,5495,0.988042589277029,0.9879357814788818,-5282.7598611111125,
1730307991.689299,rays-5,1000,1730307653.536477,3.7515030060120242,0.5,6,500,5642,False,0,x86_64,2017,0.8960602302104235,11272,5636,0.6882269475609064,0.6881170272827148,-4951.0,,0.8869665767997503,11272,5636,1.4399283453822136,1.4398016929626465,-4951.0,,1.016467645764351,11272,5636,3.1348322108387947,3.134733200073242,-4951.0,,0.9017923083156347,11272,5636,1.0256788991391659,1.0255706310272217,-5432.446435185188,
1730308003.469227,rays-5,1000,1730307653.536477,3.7625250501002006,0.5,6,500,5787,False,0,x86_64,2314,0.9611288774758577,11562,5781,0.7287417501211166,0.7286291122436523,-5036.0,,0.9579683486372232,11562,5781,0.9276676028966904,0.9275541305541992,-5036.0,,1.0397558007389307,11562,5781,9.271310612559319,9.271209716796875,-5036.0,,0.9518423080444336,11562,5781,0.9958111848682165,0.9957027435302734,-5563.496898148148,
1730308021.254794,rays-5,1000,1730307653.536477,3.773547094188377,0.5,6,500,5936,False,0,x86_64,2557,1.0057362914085388,11860,5930,0.7197943478822708,0.7196874618530273,-5160.0,,1.033077510073781,11860,5930,0.7996994182467461,0.7995960712432861,-5160.0,,1.0346031002700329,11860,5930,12.795474961400032,12.795367002487183,-5160.0,,0.9972618129104376,11860,5930,1.1937601268291473,1.1936547756195068,-5717.027106481483,
1730308042.828722,rays-5,1000,1730307653.536477,3.784569138276553,0.5,6,500,6089,False,0,x86_64,2849,1.0531568191945553,12166,6083,0.8735151644796133,0.8734047412872314,-5248.0,,1.066621694713831,12166,6083,1.4163500275462866,1.4162297248840332,-5248.0,,1.1542150154709816,12166,6083,10.62472334690392,10.624619007110596,-5248.0,,1.0872803553938866,12166,6083,1.1541774794459343,1.154059886932373,-5848.51252314815,
1730308063.357783,rays-5,1000,1730307653.536477,3.7955911823647295,0.5,6,500,6245,False,0,x86_64,3267,1.1253023203462362,12478,6239,1.118364980444312,1.1182658672332764,-5339.0,,1.205405443906784,12478,6239,0.8118409514427185,0.8117351531982422,-5339.0,,1.1440808791667223,12478,6239,11.201690005138516,11.201584100723267,-5339.0,,1.1274369806051254,12478,6239,1.6288814954459667,1.628767967224121,-6003.853703703713,
1730308085.072439,rays-5,1000,1730307653.536477,3.806613226452906,0.5,6,500,6406,False,0,x86_64,3678,1.247750112786889,12798,6399,0.9907939396798611,0.9906811714172363,-5439.0,,1.3119068536907434,12798,6399,1.1528092790395021,1.1526975631713867,-5439.0,,1.315827876329422,12798,6399,17.216108802706003,17.215996980667114,-5439.0,,1.1994283627718687,12798,6399,1.4982127156108618,1.4981017112731934,-6153.918287037056,
1730308113.364497,rays-5,1000,1730307653.536477,3.8176352705410825,0.5,6,500,6571,False,0,x86_64,4080,1.2835520636290312,13128,6564,0.8472740221768618,0.8471720218658447,-5534.0,,1.279215818271041,13128,6564,1.1255832482129335,1.1254780292510986,-5534.0,,1.2815366350114346,13128,6564,20.338818307965994,20.33870530128479,-5534.0,,1.274988543242216,13128,6564,1.5460967887192965,1.5459957122802734,-6304.501273148177,
1730308144.921268,rays-5,1000,1730307653.536477,3.828657314629259,0.5,6,500,6739,False,0,x86_64,4372,1.363165259361267,13464,6732,1.038879882544279,1.0387744903564453,-5647.0,,1.3254213239997625,13464,6732,0.9839963689446449,0.9838848114013672,-5647.0,,1.343337943777442,13464,6732,18.45874424278736,18.458640813827515,-5647.0,,1.3696956653147936,13464,6732,1.5482223182916641,1.5481102466583252,-6463.16030092595,
1730308174.918319,rays-5,1000,1730307653.536477,3.839679358717435,0.5,6,500,6913,False,0,x86_64,5012,1.4592581782490015,13810,6905,1.102774592116475,1.1026792526245117,-5715.0,,1.423761835321784,13810,6905,1.0067990217357874,1.006688117980957,-5715.0,,1.433111211284995,13810,6905,13.81032714061439,13.810228824615479,-5715.0,,1.4398757088929415,13810,6905,1.6995806507766247,1.6994645595550537,-6612.442129629661,
1730308201.059551,rays-5,1000,1730307653.536477,3.8507014028056115,0.5,6,500,7090,False,0,x86_64,5671,1.5619570091366768,14162,7081,1.0612616892904043,1.0611546039581299,-5801.0,,1.5401010010391474,14162,7081,1.0774455461651087,1.0773353576660156,-5801.0,,1.5734514221549034,14162,7081,6.328973542898893,6.3288702964782715,-5801.0,,1.574205044656992,14162,7081,2.2461585216224194,2.2460520267486572,-6780.111921296338,
1730308220.999387,rays-5,1000,1730307653.536477,3.8617234468937878,0.5,6,500,7273,False,0,x86_64,6385,1.6815145965665579,14528,7264,1.0076101142913103,1.0075068473815918,-5934.0,,1.6573519427329302,14528,7264,1.11932541616261,1.1192140579223633,-5934.0,,1.685006683692336,14528,7264,29.65966885909438,29.659558057785034,-5934.0,,1.6795063484460115,14528,7264,2.2615471445024014,2.261443614959717,-6965.054398148193,
1730308264.902761,rays-5,1000,1730307653.536477,3.872745490981964,0.5,6,500,7460,False,0,x86_64,7625,1.8486030157655478,14902,7451,1.2998658306896687,1.2997620105743408,-6031.0,,1.9395237620919943,14902,7451,1.281434252858162,1.2813379764556885,-6031.0,,1.8627508115023375,14902,7451,27.767399223521352,27.767293453216553,-6031.0,,1.8478770609945059,14902,7451,2.7356330044567585,2.735534191131592,-7147.380175264597,
1730308309.09278,rays-5,1000,1730307653.536477,3.8837675350701404,0.5,6,500,7651,False,0,x86_64,8444,2.008389348164201,15284,7642,1.521589020267129,1.521468162536621,-6117.0,,2.037505015730858,15284,7642,1.511428827419877,1.5113177299499512,-6117.0,,2.000345690175891,15284,7642,46.11412767134607,46.11403131484985,-6117.0,,1.9772580172866583,15284,7642,3.186911679804325,3.1868109703063965,-7330.566820987694,
1730308373.315932,rays-5,1000,1730307653.536477,3.8947895791583167,0.5,6,500,7848,False,0,x86_64,9699,2.212225452065468,15678,7839,1.3616189174354076,1.3615212440490723,-6209.0,,2.2046901676803827,15678,7839,1.4149415325373411,1.4148337841033936,-6209.0,,2.1542070657014847,15678,7839,59.58508564159274,59.58498477935791,-6209.0,,2.1923831086605787,15678,7839,3.2612829729914665,3.2611799240112305,-7520.342201278695,
1730308451.769207,rays-5,1000,1730307653.536477,3.905811623246493,0.5,6,500,8050,False,0,x86_64,10797,2.367446981370449,16082,8041,1.5445577558130026,1.5444588661193848,-6311.0,,2.4297407418489456,16082,8041,1.9250556509941816,1.9249558448791504,-6311.0,,2.4039296992123127,16082,8041,75.28008200787008,75.27998113632202,-6311.0,,2.3373536355793476,16082,8041,3.8153079580515623,3.8152103424072266,-7712.73256723989,
1730308548.332445,rays-5,1000,1730307653.536477,3.9168336673346693,0.5,6,500,8257,False,0,x86_64,12046,2.608732720836997,16496,8248,1.6517736986279488,1.65167236328125,-6443.0,,2.608375273644924,16496,8248,2.568052778020501,2.5679492950439453,-6443.0,,2.6177709829062223,16496,8248,81.438048010692,81.4379312992096,-6443.0,,2.561284461989999,16496,8248,4.624094804748893,4.623992919921875,-7925.68058311292,
1730308653.797532,rays-5,1000,1730307653.536477,3.927855711422846,0.5,6,500,8469,False,0,x86_64,13391,2.83881863206625,16920,8460,1.894629567861557,1.8945231437683105,-6600.0,,2.8198187053203583,16920,8460,1.8734028525650501,1.8732953071594238,-6600.0,,2.7215120270848274,16920,8460,87.89207183010876,87.89197301864624,-6600.0,,2.7688106950372458,16920,8460,5.324451452121139,5.324345827102661,-8150.845075507102,
1730308767.246027,rays-5,1000,1730307653.536477,3.9388777555110224,0.5,6,500,8687,False,0,x86_64,15114,3.145686676725745,17356,8678,1.5852438006550074,1.5851376056671143,-6738.0,,3.0282941479235888,17356,8678,2.2382310330867767,2.2381274700164795,-6738.0,,3.0556495282799006,17356,8678,84.96495605632663,84.96484804153442,-6738.0,,3.0604994893074036,17356,8678,5.5280789863318205,5.527975797653198,-8376.938131062645,
1730308879.55722,rays-5,1000,1730307653.536477,3.9498997995991987,0.5,6,500,8910,False,0,x86_64,17230,3.3610461596399546,17802,8901,1.9067718777805567,1.906674861907959,-6881.0,,3.451489007100463,17802,8901,2.4732459355145693,2.473139524459839,-6881.0,,3.428202809765935,17802,8901,125.08120890893042,125.0811059474945,-6881.0,,3.379870595410466,17802,8901,7.081558296456933,7.081447601318359,-8597.68242669759,
1730309035.896986,rays-5,1000,1730307653.536477,3.960921843687375,0.5,6,500,9139,False,0,x86_64,19224,3.680493814870715,18260,9130,1.976864855736494,1.9767560958862305,-7045.0,,3.635690111666918,18260,9130,2.3196373358368874,2.319528818130493,-7045.0,,3.6900136433541775,18260,9130,124.56440640799701,124.56429958343506,-7045.0,,3.6807497534900904,18260,9130,8.173847006633878,8.173742055892944,-8832.263682209066,
1730309194.350629,rays-5,1000,1730307653.536477,3.9719438877755513,0.5,6,500,9374,False,0,x86_64,21361,4.017028050497174,18726,9363,2.0312089025974274,2.0311083793640137,-7193.0,,3.9763404056429863,18726,9363,2.6816960871219635,2.6815762519836426,-7193.0,,3.940466683357954,18726,9363,125.94176056422293,125.94165444374084,-7193.0,,3.9932203497737646,18726,9363,8.42003870755434,8.419929027557373,-9069.428061618246,
1730309356.719397,rays-5,1000,1730307653.536477,3.9829659318637276,0.5,6,500,9615,False,0,x86_64,24278,4.4397431667894125,19204,9602,2.25685603544116,2.2567548751831055,-7312.0,,4.435270627960563,19204,9602,2.768095649778843,2.7679998874664307,-7312.0,,4.354826092720032,19204,9602,135.84353351593018,135.84342622756958,-7312.0,,4.424296244978905,19204,9602,10.487096142023802,10.486993789672852,-9311.356539351957,
1730309533.818559,rays-5,1000,1730307653.536477,3.993987975951904,0.5,6,500,9862,False,0,x86_64,27790,4.968515980988741,19698,9849,2.3742272406816483,2.374129056930542,-7489.0,,4.935102436691523,19698,9849,3.0985693112015724,3.098456382751465,-7489.0,,5.003173938021064,19698,9849,209.67973860166967,209.67962884902954,-7489.0,,4.947174921631813,19698,9849,17.306506546214223,17.30638837814331,-9569.44979772938,
1730309795.46898,rays-5,1000,1730307653.536477,4.00501002004008,0.5,6,500,10116,False,0,x86_64,31629,5.6120319832116365,20204,10102,2.77495757304132,2.774848699569702,-7617.0,,5.503198586404324,20204,10102,3.4485582541674376,3.448453426361084,-7617.0,,5.520667739212513,20204,10102,197.62538451701403,197.6252782344818,-7617.0,,5.462020803242922,20204,10102,24.187571266666055,24.187456369400024,-9828.356311728527,
1730310055.929189,rays-5,1000,1730307653.536477,4.0160320641282565,0.5,6,500,10376,False,0,x86_64,36496,6.230554128065705,20724,10362,2.776378970593214,2.776276111602783,-7797.0,,6.2520047798752785,20724,10362,4.075518375262618,4.075412750244141,-7797.0,,6.290573328733444,20724,10362,430.59484285488725,430.59472727775574,-7797.0,,6.221442975103855,20724,10362,33.94831002317369,33.948206424713135,-10097.676441799116,
1730310563.787881,rays-5,1000,1730307653.536477,4.027054108216433,0.5,6,500,10642,False,0,x86_64,41766,6.976825976744294,21256,10628,3.3271193727850914,3.3270184993743896,-7983.0,,6.98298411257565,21256,10628,4.317830601707101,4.317733287811279,-7983.0,,6.981404960155487,21256,10628,276.2002643700689,276.2001509666443,-7983.0,,6.958158556371927,21256,10628,41.47036593593657,41.4702422618866,-10377.172994929624,
1730310929.587979,rays-5,1000,1730307653.536477,4.03807615230461,0.5,6,500,10916,False,0,x86_64,47428,7.813011363148689,21804,10902,3.5854275412857533,3.585325002670288,-8142.0,,7.835059056058526,21804,10902,4.588502202183008,4.588395595550537,-8142.0,,7.968090560287237,21804,10902,417.29698079638183,417.2968692779541,-8142.0,,7.898890845477581,21804,10902,60.14062817208469,60.14050769805908,-10641.942888833943,
1730311460.839206,rays-5,1000,1730307653.536477,4.0490981963927855,0.5,6,500,11196,False,0,x86_64,54715,9.007729947566986,22362,11181,4.006718726828694,4.006612777709961,-8296.0,,8.946694234386086,22362,11181,5.100979749113321,5.100877285003662,-8296.0,,8.987797811627388,22362,11181,286.0768628437072,286.07674980163574,-8296.0,,8.83887497894466,22362,11181,79.42292048037052,79.42281198501587,-10925.83249696888,
1730311887.489878,rays-5,1000,1730307653.536477,4.060120240480963,0.5,6,500,11484,False,0,x86_64,62029,9.890125449746847,22936,11468,4.2372435964643955,4.237141132354736,-8468.0,,9.925275711342692,22936,11468,5.957297500222921,5.957190036773682,-8468.0,,9.903252242133021,22936,11468,354.6673511750996,354.6672341823578,-8468.0,,9.864327669143677,22936,11468,165.91443235613406,165.91433453559875,-11222.400328759031,
1730312475.874378,rays-5,1000,1730307653.536477,4.071142284569138,0.5,6,500,11779,False,0,x86_64,70785,11.218755211681128,23524,11762,4.691899223253131,4.691789865493774,-8677.0,,11.068712003529072,23524,11762,6.367828352376819,6.36771035194397,-8677.0,,11.214867109432817,23524,11762,378.5302839651704,378.53017473220825,-8677.0,,11.171774508431554,23524,11762,185.04759287275374,185.0474817752838,-11531.817433366588,
1730313115.437195,rays-5,1000,1730307653.536477,4.082164328657315,0.5,6,500,12082,False,0,x86_64,80571,12.51441209949553,24130,12065,6.133640728890896,6.133537530899048,-8890.0,,12.556464800611138,24130,12065,8.026253262534738,8.026145696640015,-8890.0,,12.62267279997468,24130,12065,429.41382875293493,429.4137201309204,-8890.0,,12.479454912245274,24130,12065,226.32080870866776,226.32069754600525,-11845.619211915919,
1730313857.917348,rays-5,1000,1730307653.536477,4.093186372745491,0.5,6,500,12393,False,0,x86_64,91088,14.126756547018886,24750,12375,5.6146574933081865,5.614554166793823,-9115.0,,14.154030617326498,24750,12375,8.305590748786926,8.305480241775513,-9115.0,,14.043657127767801,24750,12375,643.8836183082312,643.8835022449493,-9115.0,,14.094858160242438,24750,12375,347.65593752264977,347.65581822395325,-12165.602205926714,
1730314944.5455,rays-5,1000,1730307653.536477,4.104208416833668,0.5,6,500,12711,False,0,x86_64,103958,15.528176125138998,25380,12690,6.41426445543766,6.414161205291748,-9340.0,,15.61032760515809,25380,12690,9.311761789023876,9.311645746231079,-9340.0,,15.636545967310667,25380,12690,695.0641811192036,695.064067363739,-9340.0,,16.039023876190186,25380,12690,533.9063953924924,533.8570494651794,-12488.604918228217,
1730316304.36998,rays-5,1000,1730307653.536477,4.115230460921843,0.5,6,500,13038,False,0,x86_64,117137,32.89539619348943,26034,13017,47.65260858088732,47.65249490737915,-9542.0,,39.58675452321768,26034,13017,14.075471984222531,13.79697036743164,-9542.0,,26.745614463463426,26034,13017,704.8452458754182,704.8451490402222,-9542.0,,50.32951073721051,26034,13017,448.14745912514627,448.1473309993744,-12819.974826958352,
1730317952.050692,rays-5,1000,1730307653.536477,4.1262525050100205,0.5,6,500,13373,False,0,x86_64,133441,20.8420130610466,26704,13352,7.9189512226730585,7.918814182281494,-9772.0,,20.897698706015944,26704,13352,11.584032321348786,11.583924770355225,-9772.0,,20.40830371156335,26704,13352,2045.8454913161695,2045.8453669548035,-9772.0,,20.480274006724358,26704,13352,438.0327228438109,438.0326089859009,-13165.894169375046,
1730320575.52441,rays-5,1000,1730307653.536477,4.137274549098197,0.5,6,500,13717,False,0,x86_64,151263,22.759274074807763,27390,13695,10.188940092921257,10.188835859298706,-10030.0,,22.903669955208898,27390,13695,14.730044275522232,14.7299325466156,-10030.0,,22.692630318924785,27390,13695,2611.83848577179,2611.8379480838776,-10030.0,,23.69217118434608,27390,13695,555.1342479158193,555.134138584137,-13524.766176177794,
1730323901.01911,rays-5,1000,1730307653.536477,4.148296593186373,0.5,6,500,14070,False,0,x86_64,171765,26.090763699263334,28094,14047,10.205972151830792,10.20585322380066,-10312.0,,26.225780880078673,28094,14047,16.483404722064734,16.48328733444214,-10312.0,,26.085356544703245,28094,14047,4222.177502088249,4222.177374362946,-10312.0,,26.217836612835526,28094,14047,950.2590049393475,950.2588806152344,-13883.487278352353,
1730329251.74302,rays-5,1000,1730307653.536477,4.159318637274549,0.5,6,500,14431,False,0,x86_64,195931,29.3602014798671,28814,14407,11.334261935204268,11.33414888381958,-10577.0,,29.616742299869657,28814,14407,17.022092474624515,17.021880626678467,-10577.0,,29.29676215723157,28814,14407,4434.3013538867235,4434.301129102707,-10577.0,,29.21660888195038,28814,14407,1097.127203706652,1097.1270899772644,-14252.876899998188,
1730334980.217329,rays-5,1000,1730307653.536477,4.170340681362726,0.5,6,500,14802,False,0,x86_64,225338,33.40943623520434,29556,14778,13.041894942522049,13.041790962219238,-10888.0,,33.52690124884248,29556,14778,19.17400237545371,19.173882722854614,-10888.0,,33.72231277450919,29556,14778,8076.5041343364865,8076.504025697708,-10888.0,,33.41910748183727,29556,14778,1753.5912350602448,1753.5910851955414,-14631.035150331081,
1730345035.317677,rays-5,1000,1730307653.536477,4.181362725450902,0.5,6,500,15183,False,0,x86_64,257805,38.644220961257815,30314,15157,16.11655931919813,16.116437673568726,-11207.0,,39.062214544042945,30314,15157,27.345173615962267,27.345045566558838,-11207.0,,38.8158729467541,30314,15157,11013.354505652562,11013.354377985,-11207.0,,37.20130450464785,30314,15157,2823.996239380911,2823.9961285591125,-15022.035875001717,
1730359140.532422,rays-5,1000,1730307653.536477,4.192384769539078,0.5,6,500,15573,False,0,x86_64,296530,43.93718266300857,31094,15547,17.273244874551892,17.273136138916016,-11502.0,,44.082925107330084,31094,15547,25.81912289559841,25.818998336791992,-11502.0,,43.790371822193265,31094,15547,18363.875955715775,18363.87584209442,-11502.0,,45.20466993562877,31094,15547,4956.669179385528,4956.669051885605,-15418.333474253199,
